code,name,details,priceCJ,pricePZ,imageUrl,offers
WT1891,PZA. NUCITA PULPIQUIN SANDIA PUSH 19 GRS. ,8 / UNI,46.31,5.79,https://i.postimg.cc/4yngtRYV/WT1891.jpg,DISPONIBLE
WT1892,PZA. NUCITA PULPIQUIN TAMARINDO PUSH 19 GRS ,8 / UNI,46.31,5.79,https://i.postimg.cc/kGDm8P2V/WT1892.jpg,DISPONIBLE
WT1893,PZA. NUCITA PULPIQUIN SANDIA CAPS. 14 GRS ,16 / UNI,40.41,2.53,https://i.postimg.cc/j2CbNYDN/WT1893.jpg,DISPONIBLE
WT1894,PZA. NUCITA PULPIQUIN TAMARINDO CAPS 14 GRS. ,16 / UNI,40.41,2.53,https://i.postimg.cc/5yjVvWXQ/WT1894.jpg,DISPONIBLE
WT8907,PZA. NUCITA TRISABOR 14 GR,16 / UNI,26.32,1.65,https://i.postimg.cc/tRcDHgZm/WT8907.jpg,DISPONIBLE
WT9880,PZA. NUCITA PATITAS VAINILLA Y CHOCOLATE 152 GRS. ,8 / UNI,50.79,6.35,https://i.postimg.cc/gjrWRbxv/WT9880.jpg,DISPONIBLE
WT8973,PZA. NUCITA MONEDAS ORO 5.9 GRS. ,48 / UNI,72.36,1.51,https://i.postimg.cc/zv3rWYyS/WT8973.jpg,DISPONIBLE
WT9708,PZA. CREMINO BICOLOR AVELLANA 18GRS.,24 / UNI,72.82,3.03,https://i.postimg.cc/gjrWRbxH/WT9708.jpg,DISPONIBLE
WT9881,PZA. MUIBON ROLL BARQUILLO 15 UNI.,15 / UNI,53.19,3.55,https://i.postimg.cc/tT7S4kwq/WT9881.jpg,DISPONIBLE
WT5456,PZA. HALLS CEREZA,12 / UNI,82.42,6.87,https://i.postimg.cc/sXWqqThM/DG5456.jpg,DISPONIBLE
WT5460,PZA. HALLS MENTA,12 / UNI,82.42,6.87,https://i.postimg.cc/XvpTcjNx/DG5460.jpg,DISPONIBLE
WT7106,PZA. SONRICS PIÑATA SUPRISE,1 / 2 KG,192.19,192.19,https://i.postimg.cc/Y9Gwr65n/WT7106.jpg,DISPONIBLE
WT5258,PZA. SONRICS ROCKALETA,18 / UNI,126.24,7.01,https://i.postimg.cc/Hx9fQCgG/DG9966.jpg,DISPONIBLE
XD1088,PZA. TRIDENT MENTA 4s,40 / UNI,93.27,2.33,https://i.postimg.cc/X7W6S6xv/GM1088.jpg,DISPONIBLE
XD1423,PZA. CLORETS SOBRE 2s,60 / UNI,52.57,0.88,https://i.postimg.cc/nrbbhyJq/GM1423.jpg,DISPONIBLE
XD1412,PZA. BUBBALOO FRESA 47s,47 / UNI,47.15,1,https://i.postimg.cc/8cR8JZpt/GM1412.jpg,DISPONIBLE
XD1430,PZA. TRIDENT XTRACARE YERBA 10s,12 / UNI,92.59,7.72,https://i.postimg.cc/mDFWRb0P/GM1430.jpg,DISPONIBLE
YJ7426,PZA. MEZCAL MIL DIABLOS 700 MLS.,1 / 700 ML,490.09,490.09,https://i.postimg.cc/0QVvbyyS/YJ7426.jpg,DISPONIBLE
YJ7427,PZA. MEZCAL BRUXO RECETA INICIAL 750 MLS.,1 / 750 ML,588.3,588.3,https://i.postimg.cc/Jnp8GzzZ/YJ7427.jpg,DISPONIBLE
YJ7429,PZA. TEQUILA ARETTE BLANCO 700 MLS.,1 / 700 ML,486.16,486.16,https://i.postimg.cc/9ML2rQQR/YJ7429.jpg,DISPONIBLE
YJ7434,PZA. LICOR LILLET ROSE 750 MLS.,1 / 750 ML,427.23,427.23,https://i.postimg.cc/sXTzvggY/YJ7434.jpg,DISPONIBLE
CM0175,ABUELITA 7PZS 595GR+VEL FAROLITO,12 / 2 UNI,1556.57,129.71,https://i.postimg.cc/t4DPjYtd/CM0175.jpg,DISPONIBLE
VD1897,SAN JUAN CAFETERO V. GUADALUPE,20 / UNI,390.75,19.54,https://i.postimg.cc/50cmdqJm/VD1897.jpg,DISPONIBLE
VD1896,SAN JUAN CAFETERO S. JUDAS T.,20 / UNI,390.75,19.54,https://i.postimg.cc/bJXRcHPg/VD1896.jpg,DISPONIBLE
VD1891,SAN JUAN 100 VIRGEN DE GUADALUPE,20 / 1 UNI,453.91,22.7,https://i.postimg.cc/kGZyJfW1/VD1891.jpg,DISPONIBLE
VD1890,SAN JUAN 100 SAN JUDAS ,20 / 1 UNI,453.91,22.7,https://i.postimg.cc/rF3hMFJM/VD1890.jpg,DISPONIBLE
VD1253,SAN JUAN COPA DE COLORES,24 / 1 UNI,561.33,23.39,https://i.postimg.cc/PrXGP63K/VD1253.png,DISPONIBLE
VD1244,SAN JUAN LIMONECO,20 / 1 UNI,244.73,12.24,https://i.postimg.cc/BQBqzLyr/VD1244.png,DISPONIBLE
VD1251,SAN JUAN REPUESTO,10 / 10 UNI,700.51,70.05,https://i.postimg.cc/ncjWDZrK/VD1251.jpg,DISPONIBLE
VD0788,SAN JUAN CUBERO,20 / 1 UNI,354.35,17.72,https://i.postimg.cc/1zP3t0qL/VD0788.jpg,DISPONIBLE
VD0790,SAN JUAN CAFETERO,20 / 1 UNI,354.35,17.72,https://i.postimg.cc/1zH5Ng0b/VD0790.png,DISPONIBLE
AC0814,AC. CAPULLO CANOLA 750ML,12 / 750 ML,468.93,39.08,https://i.postimg.cc/Gm2z60nK/AC0814.jpg,DISPONIBLE
AC0810,AC. CAPULLO CANOLA 755ML,12 / 755 ML,560.06,46.67,https://i.postimg.cc/SKPjSfKY/AC0810.jpg,DISPONIBLE
AC0434,AC. CAPULLO CANOLA 400ML,12 / 400 ML,328.1,27.34,https://i.postimg.cc/HWcXyVDC/AC0434.jpg,DISPONIBLE
AC0101,AC. VEGETAL 1-2-3 1LT,12 / 1 LT,545.04,45.42,https://i.postimg.cc/g0z2qBxZ/AC0101.jpg,OFERTA
AC0103,AC. VEGETAL 1-2-3 500M,24 / 500 ML,556.25,23.18,https://i.postimg.cc/tgBCrt6m/AC0103.jpg,OFERTA
AC0120,AC. EL FARO 900ML,12 / 900 ML,465.27,38.77,https://i.postimg.cc/FRqFvrDy/AC0120.jpg,OFERTA
AC2551,AC. PATRONA MIXTO 1LT,12 / 1 LT,512.64,42.72,https://i.postimg.cc/KjxDNw5J/AC2551.jpg,DISPONIBLE
AC2553,AC. PATRONA MIXTO 500ML,24 / 500 ML,524.63,21.86,https://i.postimg.cc/VvQ6MsnY/AC2553.jpg,DISPONIBLE
AC0770,AC. VILLACAMPO 800ML,12 / 800 ML,395.97,33,https://i.postimg.cc/rmvdJNX2/AC0711.jpg,OFERTA
AC0474,AC. NUTRIOLI ACEITE SOYA 400M,12 / 400 ML,256.82,21.4,https://i.postimg.cc/YCkWZR4p/AC0474.jpg,OFERTA
AC0748,AC. NUTRIOLI ACEITE SOYA 800M,12 / 800 ML,473.06,39.42,https://i.postimg.cc/8PgJf4mh/AC0748.jpg,OFERTA
AD0103,AD. KRAFT CHEEZ WHIZ NAT. 235GR,24 / 235 ML,1618.93,67.46,https://i.postimg.cc/TYcwL6w6/AD0103.jpg,DISPONIBLE
AE0207,VERMEX ACEITUNA SALMUERA,48 / 70 GR,599.41,12.49,https://i.postimg.cc/15MmRrCR/AE0207.jpg,DISPONIBLE
AE0206,VERMEX ACEITUNA SALMUERA,5 / KG,390.15,78.03,https://i.postimg.cc/YSLM3Kpj/AE0206.jpg,DISPONIBLE
AE0154,BUFALO ACEITUNA MANZANILLA 150GR,24 / 150 GR,675.48,28.15,https://i.postimg.cc/GpZ2nxYt/AE0154.jpg,DISPONIBLE
AE0129,BUFALO ACEIUTUNA DESHUESADA 175GR,24 / 175 GR,609.41,25.39,https://i.postimg.cc/gJRcY951/AE0129.jpg,DISPONIBLE
AF2063,SOLURAL COCO,12 / 500 ML,196.99,16.42,https://i.postimg.cc/KYGgp4SC/AF2063.jpg,DISPONIBLE
AF2066,SOLURAL FRESA-KIWI,12 / 500 ML,197.36,16.45,https://i.postimg.cc/C1dnYtKN/AF2066.jpg,DISPONIBLE
AF2117,SOLURAL JAMAICA 500ML,12 / 500 ML,193.15,16.1,https://i.postimg.cc/RZSgdj4q/AF2117.jpg,DISPONIBLE
AF2067,SOLURAL MANZANA,12 / 500 ML,194.71,16.23,https://i.postimg.cc/zvgLHgKH/AF2067.jpg,DISPONIBLE
AF2062,SOLURAL MORA AZUL,12 / 500 ML,197.36,16.45,https://i.postimg.cc/BncKCHyx/AF2062.jpg,DISPONIBLE
AF2080,SOLURAL PEDIATRICO UVA,12 / 500 ML,172.99,14.42,https://i.postimg.cc/85j5S7T0/AF2080.jpg,DISPONIBLE
AF2069,SOLURAL UVA,12 / 500 ML,197.36,16.45,https://i.postimg.cc/G2N8pQ81/AF2069.jpg,DISPONIBLE
AF1601,ALKA-SELTZER 100 UNI,20 / 100 UNI,4946.24,247.31,https://i.postimg.cc/2SNwM9X1/AF1601.jpg,DISPONIBLE
AF0773,ALCOHOL L.C DESNAT/AZUL 230 ML,24 / 230 ML,325.58,13.57,https://i.postimg.cc/6pgNTjdK/AF0773.jpg,DISPONIBLE
AF0774,ALCOHOL L.C POTAB/E. AZUL 430ML,24 / 430 ML,601.43,25.06,https://i.postimg.cc/k5SPSQcb/AF0774.jpg,DISPONIBLE
AF0772,ALCOHOL L.C DESNAT/AZUL 110ML,36 / 110 ML,314.36,8.73,https://i.postimg.cc/sgvrjdGK/AF0772.jpg,DISPONIBLE
AF0781,ALCOHOL L.C POTAB/E. ROJA 430ML,24 / 430 ML,658.92,27.46,https://i.postimg.cc/50MdSX7k/AF0781.jpg,DISPONIBLE
AF1494,SUEROX 8IONES COCO,12 / 630 ML,191.22,15.94,https://i.postimg.cc/x846g7jT/AF1494.jpg,OFERTA
AF1468,SUEROX 8IONES UVA,12 / 630 ML,191.22,15.94,https://i.postimg.cc/XJxHBqT5/AF1468.jpg,OFERTA
AF1824,ELECTROLIFE ZERO MORA AZUL,12 / 625 ML,255.51,21.29,https://i.postimg.cc/pr194qqt/AF1824.jpg,OFERTA
AF1820,ELECTROLIFE ZERO FRESA KIWI,12 / 625 ML,255.51,21.29,https://i.postimg.cc/sX8WLRW8/AF1820.jpg,OFERTA
AF1676,ELECTROLIT COCO 1LT,6 / 1 LT,170.92,28.49,https://i.postimg.cc/PfDBxPmb/AF1676.jpg,DISPONIBLE
AF2474,ELECTROLIT COCO,12 / 625 ML,253.47,21.12,https://i.postimg.cc/wvts9W8n/AF2474.jpg,OFERTA
AF2012,ELECTROLIT FRESA KIWI 1LT,6 / 1 LT,171.51,28.59,https://i.postimg.cc/76c0zFnx/AF2012.jpg,DISPONIBLE
AF1328,ELECTROLIT FRESA KIWI,12 / 625 ML,253.47,21.12,https://i.postimg.cc/L8rrmqp6/AF1328.jpg,OFERTA
AF2475,ELECTROLIT FRESA,12 / 625 ML,253.47,21.12,https://i.postimg.cc/Y0YGWhS3/AF2475.jpg,OFERTA
AF1331,ELECTROLIT LIMA LIMON,12 / 625 ML,253.47,21.12,https://i.postimg.cc/mD4JF0kv/AF1331.jpg,OFERTA
AF2473,ELECTROLIT MANZANA,12 / 625 ML,253.47,21.12,https://i.postimg.cc/nz69rvnr/AF2473.jpg,OFERTA
AF1528,ELECTROLIT MORA AZUL,12 / 625 ML,253.47,21.12,https://i.postimg.cc/K8QJR5GM/AF1528.jpg,OFERTA
AF2476,ELECTROLIT NJA-MANDARINA,12 / 625 ML,253.47,21.12,https://i.postimg.cc/Y2WmVyxW/AF2476.jpg,OFERTA
AF2050,ELECTROLIT PONCHE DE FRUTAS,12 / 625 ML,253.47,21.12,https://i.postimg.cc/9M4CMXjB/AF2050.jpg,OFERTA
AF1329,ELECTROLIT PIÑA,12 / 625 ML,253.47,21.12,https://i.postimg.cc/Pfb221jf/AF1329.jpg,OFERTA
AF1327,ELECTROLIT UVA,12 / 625 ML,253.47,21.12,https://i.postimg.cc/GhcqC2KW/AF1327.jpg,OFERTA
AG0116,AGUA E PURA PET 1.5LT,12 / 1.5 LT,139.32,11.61,https://i.postimg.cc/kXPtdFjh/AG0116.jpg,OFERTA
AG0117,AGUA E PURA PET 1LT,12 / 1 LT,128.9,10.74,https://i.postimg.cc/zXwHDb6D/AG0117.jpg,OFERTA
AG0209,AGUA E PURA PET 600ML,12 / 600 ML,98.95,8.25,https://i.postimg.cc/qvkhNBHs/AG0209.jpg,OFERTA
AG0389,AGUA NIAGARA 1LT,18 / 1 LT,105.89,5.88,https://i.postimg.cc/KzWcQzwy/AG0389.jpg,OFERTA
AG0380,AGUA NIAGARA 500ML,35 / 500 ML,110.21,3.15,https://i.postimg.cc/zXKWbZb6/AG0380.jpg,OFERTA
AI0826,GERBER ET 2 CIRUELA,24 / 100 GR,282.72,11.78,https://i.postimg.cc/QM7mFnGH/AI0826.jpg,DISPONIBLE
AI0827,GERBER ET 2 DURAZNO ,24 / 100 GR,282.72,11.78,https://i.postimg.cc/NGP5gCkK/AI0827.jpg,DISPONIBLE
AI0828,GERBER ET 2 FRUTAS MIXTAS ,24 / 100 GR,282.72,11.78,https://i.postimg.cc/8kqhhbCx/AI0828.jpg,DISPONIBLE
AI0853,GERBER ET 2 FRUTAS TROPICALES,24 / 100 GR,282.72,11.78,https://i.postimg.cc/cCc4Yqzt/AI0853.jpg,DISPONIBLE
AI0829,GERBER ET 2 MANGO ,24 / 100 GR,282.72,11.78,https://i.postimg.cc/VN1N7xm0/AI0829.jpg,DISPONIBLE
AI0830,GERBER ET 2 MANZANA ,24 / 100 GR,262.93,10.96,https://i.postimg.cc/sXMhWBCh/AI0830.jpg,DISPONIBLE
AI0831,GERBER ET 2 PERA,24 / 100 GR,262.93,10.96,https://i.postimg.cc/ZqWqNC7d/AI0831.jpg,DISPONIBLE
AI0832,GERBER ET 2 PLATANO,24 / 100 GR,281.1,11.71,https://i.postimg.cc/HLFk9dRP/AI0832.jpg,DISPONIBLE
AI0834,GERBER ET 2 POLLO Y VEGETALES,24 / 100 GR,282.72,11.78,https://i.postimg.cc/WbxRyZRM/AI0834.jpg,DISPONIBLE
AI0835,GERBER ET 2 RES VERD. RES Y ARROZ,24 / 100 GR,282.17,11.76,https://i.postimg.cc/RFfVP2zC/AI0835.jpg,DISPONIBLE
AM0578,PAL PERRO 20K,20 / KG,527.03,26.35,https://i.postimg.cc/dVM6pydq/AM0578.jpg,DISPONIBLE
AM0626,PEDIGREE AD CORDERO 100GR,12 / 100 GR,121.02,10.09,https://i.postimg.cc/MH5tV9pt/AM0626.jpg,DISPONIBLE
AM0627,PEDIGREE AD. SOBRE POLLO EN FILETES,12 / 100 GR,121.13,10.09,https://i.postimg.cc/Y2ZT2jgP/AM0627.jpg,DISPONIBLE
AM0631,PEDIGREE AD. R P. CORDE,12 / 100 GR,121.13,10.09,https://i.postimg.cc/fbzrqdnV/AM0631.jpg,DISPONIBLE
AM0632,PEDIGREE AD. R.P POLLO,12 / 100 GR,121.13,10.09,https://i.postimg.cc/N0dP30Bp/AM0632.jpg,DISPONIBLE
AM0633,PEDIGREE AD. R.P. RES 100GR,12 / 100 GR,121.13,10.09,https://i.postimg.cc/263Xrf5m/AM0633.jpg,DISPONIBLE
AM0770,PEDIGREE ADULTO SUPER PRECIO 22KG,22 / KG,790.06,35.91,https://i.postimg.cc/BnXNPc9p/AM0770.jpg,OFERTA
AM0630,PEDIGREE CACH. RES,12 / 100 GR,121.13,10.09,https://i.postimg.cc/y8XGTP5q/AM0630.jpg,S
AM0629,PEDIGREE CACH. POLLO,12 / 100 GR,121.13,10.09,https://i.postimg.cc/zG1MWMxS/AM0629.jpg,S
AM0745,PEDIGREE CACHORRO,20 / KG,955.14,47.76,https://i.postimg.cc/nz6Txj5Y/AM0745.jpg,OFERTA
AM0197,PEDIGREE LATA MOLIDA DE RES,12 / 625 GR,597.52,49.79,https://i.postimg.cc/SQfmJ6SP/AM0197.jpg,DISPONIBLE
AM0196,PEDIGREE LATA PUPPY POLLO 375GR,24 / 375 GR,853.78,35.57,https://i.postimg.cc/hvsn6BZn/AM0196.jpg,DISPONIBLE
AM0198,PEDIGREE LATA GUISADO RES,12 / 625 GR,597.52,49.79,https://i.postimg.cc/28jrv13S/AM0198.jpg,DISPONIBLE
AM0199,PEDIGREE LATA MOLIDA DE POLLO,12 / 625 GR,597.52,49.79,https://i.postimg.cc/65HwhBGL/AM0199.jpg,DISPONIBLE
AM0194,PEDIGREE LATA MOLIDA RES,24 / 375 GR,853.78,35.57,https://i.postimg.cc/HndH6x23/AM0194.jpg,DISPONIBLE
AM0750,WHISKAS ATUN Y SARDINAS 85GR,12 / 85 GR,121.11,10.09,https://i.postimg.cc/m29dWYS2/AM0750.jpg,DISPONIBLE
AM0746,WHISKAS GATITOS ATUN 85GR,12 / 85 GR,121.11,10.09,https://i.postimg.cc/sfqnL67N/AM0746.jpg,DISPONIBLE
AM0712,WHISKAS PARRILLADA MIXTA 85GR,12 / 85 GR,121.11,10.09,https://i.postimg.cc/vTJxYdXD/AM0712.jpg,DISPONIBLE
AM0744,WHISKAS PAVO,12 / 85 GR,121.11,10.09,https://i.postimg.cc/C1dRbKQz/AM0744.jpg,DISPONIBLE
AM0714,WHISKAS PESCADO BLANCO 85GR,12 / 85 GR,121.11,10.09,https://i.postimg.cc/RCyHQc99/AM0714.jpg,DISPONIBLE
AM0742,WHISKAS POLLO,12 / 85 GR,121.11,10.09,https://i.postimg.cc/1zmn5B00/AM0742.jpg,DISPONIBLE
AM1319,WHISKAS RECETA ORIGINAL 20K,20 / KG,906.52,45.33,https://i.postimg.cc/GtGKm3n0/AM1319.jpg,OFERTA
AM0446,GANADOR PREMIUM ADULTO 23K,23 / KG,1130.93,49.17,https://i.postimg.cc/KYpXVRn7/AM0446.jpg,DISPONIBLE
AM0238,GANADOR PREMIUM ADULTO 20KG,20 / KG,1130.93,56.55,https://i.postimg.cc/sgvz6bYF/AM0238.jpg,DISPONIBLE
AM0447,GANADOR PREMIUM CACHORRO 23K,23 / KG,1186.24,51.58,https://i.postimg.cc/XNCMHNXS/AM0447.jpg,DISPONIBLE
AM0239,GANADOR PREMIUM CACHORRO 20KG,20 / KG,1186.24,59.31,https://i.postimg.cc/mk4gtZmG/AM0239.jpg,DISPONIBLE
AM0555,MININO PLUS RES POLLO PAVO 10KG,10 / KG,573.79,57.38,https://i.postimg.cc/ncNSx58f/AM0555.jpg,DISPONIBLE
AM0251,PODER CANINO 25KG,25 / KG,539.1,21.56,https://i.postimg.cc/sxTFKJ1D/AM0251.jpg,OFERTA
AM0352,TOP CHOICE 25KG,25 / KG,732.92,29.32,https://i.postimg.cc/HkcG4Xmd/AM0352.jpg,DISPONIBLE
AM0146,CAMPEON AD. REC. CASERA 25KG,25 / KG,781.23,31.25,https://i.postimg.cc/13jmyym5/AM0146.jpg,OFERTA
AM0147,CAMPEON CACH. REC. CASERAS 20KG,20 / KG,786.61,39.33,https://i.postimg.cc/43HJdjyv/AM0147.jpg,OFERTA
AM0620,CAT CHOW PESCADO 12PACK,12 / 85 GR,101.81,8.48,https://i.postimg.cc/43P1Y20d/AM0620.jpg,OFERTA
AM0145,CAT CHOW RELLENAS 20KG,20 / KG,951.23,47.56,https://i.postimg.cc/2S6jp1fK/AM0145.jpg,OFERTA
AM0363,DOG CHOW CACHORRO R.P. 20K,20 / KG,965.19,48.26,https://i.postimg.cc/qv9PmqBn/AM0363.jpg,OFERTA
AM0641,FELIX CARNE 85 GR,12 / 85 GR,114.28,9.52,https://i.postimg.cc/7LXd1ysy/AM0641.jpg,DISPONIBLE
AM0410,FELIX TRIPLE DELIC.,10 / KG,506.78,50.68,https://i.postimg.cc/XJ544xj9/AM0410.jpg,DISPONIBLE
AO0105,MAIZENA DE VAINILLA 47 GRS.,6 / 24 UNI,1748.06,291.34,https://i.postimg.cc/3JKwhRyX/AO0105.jpg,DISPONIBLE
AR1750,PAST. CLORALEX LAVANDA,12 / 40 GR,276.12,23.01,https://i.postimg.cc/9Xr1MxyV/AR1750.jpg,DISPONIBLE
AR1752,PAST. CLORALEX AZUL 40GR,12 / 40 GR,276.12,23.01,https://i.postimg.cc/CL0Zt5ht/AR1752.jpg,DISPONIBLE
AR1740,PAST. CLORALEX AZUL 2PK,12 / 2 UNI,417.91,34.83,https://i.postimg.cc/nckvYMLr/AR1740.jpg,DISPONIBLE
AR1742,PAST. CLORALEX AZUL 4PK,12 / 4 UNI,744.71,62.06,https://i.postimg.cc/vZvt1SrL/AR1742.jpg,DISPONIBLE
AR1768,PAST. CLORALEX AZUL 4PK,6 / 4 UNI,414.18,69.03,https://i.postimg.cc/SK09TgN1/AR1768.jpg,DISPONIBLE
AR1754,PAST. CLORALEX BLANCA 4PK,6 / 4 UNI,414.15,69.02,https://i.postimg.cc/5tvBbZkP/AR1754.jpg,DISPONIBLE
AR0540,PAST. FLASH GANCHO BRISA MARINA,48 / 72 GR,728.11,15.17,https://i.postimg.cc/Cx18vMrF/AR0540.jpg,DISPONIBLE
AR0184,PAST. FLASH GANCHO FLORAL,48 / 72 GR,728.11,15.17,https://i.postimg.cc/xTPGx40P/AR0184.jpg,DISPONIBLE
AR0182,PAST. FLASH GANCHO LAVANDA,48 / 72 GR,728.11,15.17,https://i.postimg.cc/L6SBVpMX/AR0182.jpg,DISPONIBLE
AR0476,PAST. FLASH C.FLORAL 65 GRS.,50 / 65 GR,814.67,16.29,https://i.postimg.cc/2jQnyKBf/AR0476.jpg,DISPONIBLE
AR0474,PAST. FLASH C.LAVANDA 65 GRS.,50 / 65 GR,814.67,16.29,https://i.postimg.cc/90Y9kDjf/AR0474.jpg,DISPONIBLE
AR0616,GLADE AER LAVANDA 275M,12 / 275 ML,487.67,40.64,https://i.postimg.cc/B6rq2dM5/AR0616.jpg,DISPONIBLE
AR0659,GLADE ALEGRIA FLORA Y FRUTOS ROJOS GEL,12 / 70 GR,154.8,12.9,https://i.postimg.cc/pdd3qpb8/AR0659.jpg,OFERTA
AR0624,GLADE CUBO CAMPOS DE LAV,12 / 180 GR,458.27,38.19,https://i.postimg.cc/Y0CdYN87/AR0624.jpg,DISPONIBLE
AR0625,GLADE CUBO HAWAIIAN BREZZE 180GR,12 / 180GR,458.27,38.19,https://i.postimg.cc/BZptd9Kt/AR0625.jpg,DISPONIBLE
AR0623,GLADE CUBO MANZANA CANELA 180GR,12 / 180 GR,458.27,38.19,https://i.postimg.cc/TYnk1p73/AR0623.jpg,DISPONIBLE
AR0672,GLADE EUCALIPTO FRAG. CONCENT. 100ML,12 / 100 ML,410.37,34.2,https://i.postimg.cc/NfWtp8kd/AR0672.jpg,DISPONIBLE
AR0657,GLADE LAVANDA GEL HOME,12 / 70 GR,154.8,12.9,https://i.postimg.cc/Nf6h03k1/AR0657.jpg,OFERTA
AR0658,GLADE LIMON GEL HOME,12 / 70 GR,154.8,12.9,https://i.postimg.cc/t4pKnBrQ/AR0658.jpg,OFERTA
AR0660,GLADE MORA RADIANTE GEL HOME,12 / 70 GR,154.8,12.9,https://i.postimg.cc/zfP6M8qZ/AR0660.jpg,OFERTA
AR0664,PAST. PATO BRISA MARINA 18GR,48 / 18 GR,590.44,12.3,https://i.postimg.cc/P5G3YtTX/AR0664.jpg,OFERTA
AR0665,PAST. PATO LAVANDA PAST 18GR,48 / 18 GR,590.44,12.3,https://i.postimg.cc/Zn2ffmN1/AR0665.jpg,OFERTA
AR0649,PAST. PATO PASTILLA 4PACK,12 / 4 UNI,674.18,56.18,https://i.postimg.cc/jqhFk2Jv/AR0649.jpg,DISPONIBLE
AR0648,PAST. PATO TWIN PACK,12 / 2 UNI,418.36,34.86,https://i.postimg.cc/x18Tk43q/AR0648.jpg,DISPONIBLE
AT0341,NAIR ACEITE 120GR,48 / 120 GR,613.5,12.78,https://i.postimg.cc/jqnt4p4G/AT0341.jpg,DISPONIBLE
AT0340,NAIR AGUA 120GR,48 / 120 GR,613.5,12.78,https://i.postimg.cc/gJYhGMG1/AT0340.jpg,DISPONIBLE
AT0306,HERDEZ ACEITE 130GR,24 / 130 GR,481.75,20.07,https://i.postimg.cc/50dxRNdF/AT0306.jpg,DISPONIBLE
AT0305,HERDEZ AGUA 130GR,24 / 130 GR,481.75,20.07,https://i.postimg.cc/BQDZ4r8x/AT0305.jpg,DISPONIBLE
AT0343,ANCLA EN ACEITE 20% SOYA 120 GRS.,24 / 120 GR,294.45,12.27,https://i.postimg.cc/Kc5Z029R/AT0343.jpg,DISPONIBLE
AT0342,ANCLA EN AGUA 20% SOYA 120 GRS.,24 / 120 GR,294.45,12.27,https://i.postimg.cc/4yXXXL3f/AT0342.jpg,DISPONIBLE
AT0331,TUNY ACEITE CLASIC. 130GR,24 / 130 GR,490.58,20.44,https://i.postimg.cc/Xqx4qfZw/AT0331.jpg,DISPONIBLE
AT0304,DORADO ACEITE 130 GRS.,48 / 130 GR,559.38,11.65,https://i.postimg.cc/SRjh8bnD/AT0304.jpg,OFERTA
AT0303,DORADO AGUA 130 GRS.,48 / 130 GR,559.38,11.65,https://i.postimg.cc/XqXbF6rx/AT0303.jpg,OFERTA
AT0299,EL DORADO ACEITE 130G,24 / 130 GR,290.66,12.11,https://i.postimg.cc/13zSfymM/AT0299.jpg,OFERTA
AT0298,EL DORADO AGUA 130G,24 / 130 GR,290.66,12.11,https://i.postimg.cc/k4P60Jvb/AT0298.jpg,OFERTA
AT0352,MARINERO ACEITE 30% SOYA 130GR,48 / 130 GR,616.09,12.84,https://i.postimg.cc/d0VJbmHp/AT0251.jpg,DISPONIBLE
AT0350,MARINERO AGUA CON 30% DE SOYA 130GR,48 / 130 GR,629.58,13.12,https://i.postimg.cc/50crTK70/AT0350.jpg,DISPONIBLE
AT0295,MAZATUN AGUA 285G,24 / 285 GR,912.19,38.01,https://i.postimg.cc/vTgjLdRX/AT0295.jpg,DISPONIBLE
AT0293,MAZATUN AGUA 130G,48 / 130 GR,831.11,17.31,https://i.postimg.cc/7YZCq1W2/AT0293.jpg,OFERTA
AT0294,MAZATUN AGUA C/ACEITE 285G,24 / 285 GR,912.19,38.01,https://i.postimg.cc/sX0qhgLv/AT0294.jpg,DISPONIBLE
AT0292,MAZATUN AGUA C/ACEITE 130G,48 / 130 GR,831.11,17.31,https://i.postimg.cc/kGX5X9fb/AT0292.jpg,OFERTA
AT0283,MAZATUN CON VERDURAS 135GR,24 / 135 GR,457.47,19.06,https://i.postimg.cc/GhrpkvN7/AT0283.jpg,OFERTA
AT0192,MAZATUN ENS-MAYO CUP,24 / 135 GR,552.8,23.03,https://i.postimg.cc/9fqmbwSh/AT0192.jpg,OFERTA
AT0284,MAZATUN VERD. Y MAYONESA 135GR,24 / 135 GR,488.37,20.35,https://i.postimg.cc/wM8tYxwt/AT0284.jpg,OFERTA
AZ0432,SPLENDA ENDULSANTE CALOR. 100s,12 / 100 UNI,979.81,81.65,https://i.postimg.cc/Cx7gKSwf/AZ0432.jpg,OFERTA
AZ0159,AZUCAR ESTANDAR ZULKA 1KG,10 / 1 KG,229.89,22.99,https://i.postimg.cc/Fsjv20qp/AZ0159.jpg,OFERTA
BL0278,CLORALEX GEL 950ML,12 / 950 ML,247.41,20.62,https://i.postimg.cc/ryRgyjq1/BL0278.jpg,DISPONIBLE
BL0274,CLORALEX GEL 500ML,12 / 500 ML,139.08,11.59,https://i.postimg.cc/qqKGmJ1b/BL0274.jpg,DISPONIBLE
BL0177,CLORALEX MASCOTAS 950ML,15 / 950 ML,444.69,29.65,https://i.postimg.cc/SK5qpB0V/BL0177.jpg,DISPONIBLE
BL0228,CLORALEX MAX 600ML,15 / 600 ML,303.78,20.25,https://i.postimg.cc/yY9fjP51/BL0228.jpg,DISPONIBLE
BL0240,CLORALEX MAX 950ML,15 / 950 ML,486.78,32.45,https://i.postimg.cc/L8pxbPKz/BL0240.jpg,DISPONIBLE
BL0505,CLORALEX REG 2LT,8 / 2 LT,242.04,30.26,https://i.postimg.cc/TPy5jk7Q/BL0505.jpg,DISPONIBLE
BL0518,CLORALEX REG 10LT,1 / 10 LT,142.61,142.61,https://i.postimg.cc/FK2dTjwv/BL0518.jpg,DISPONIBLE
BL0307,CLORALEX REG 1.9L+100ML,8 / 2 LT,228.38,28.55,https://i.postimg.cc/g0r8ScJV/BL0307.jpg,DISPONIBLE
BL0507,CLORALEX REG 500M,20 / 500 ML,177.61,8.88,https://i.postimg.cc/P55wJf1g/BL0507.jpg,OFERTA
BL0509,CLORALEX REG 250ML,30 / 250 ML,180.9,6.03,https://i.postimg.cc/4x2h9C5m/BL0509.jpg,OFERTA
BL0268,CLORALEX REG 950ML,12 / 950 ML,193.48,16.12,https://i.postimg.cc/hj6rbz1Q/BL0268.jpg,OFERTA
BL0314,CLORALEX REG 500ML 20+2GRAT,22 / 500 ML,177.61,8.07,https://i.postimg.cc/vHxNDVrM/BL0314.jpg,OFERTA
BL0299,CLORALEX REG 850ML+100ML,15 / 950 ML,214.83,14.32,https://i.postimg.cc/MK8068Pw/BL0299.jpg,OFERTA
BL0315,CLORALEX REG 950ML+1 CLORALEX 500ML,12 / 950 ML,193.52,16.13,https://i.postimg.cc/ZnSS5q1K/BL0315.jpg,OFERTA
BL0310,CLORALUZ 500 ML,20 / 500 ML,133.32,6.67,https://i.postimg.cc/5tGvZcYZ/BL0310.jpg,DISPONIBLE
BL0602,CLORALUZ 900 ML,12 / 900 ML,137.34,11.45,https://i.postimg.cc/hthFKMMq/BL0602.jpg,DISPONIBLE
BL0294,CLOROX ANTI-SPLASH 1.8L,8 / 1.8 LT,240.18,30.02,https://i.postimg.cc/FRdbRFXr/BL0294.jpg,DISPONIBLE
BL0292,CLOROX ANTI-SPLASH 930ML,15 / 930 ML,284.66,18.98,https://i.postimg.cc/HssTKhK3/BL0292.jpg,DISPONIBLE
BL0182,CLOROX COLOR FLORAL 1.89LT,8 / 1.8 LT,491.79,61.47,https://i.postimg.cc/FH5yKXTm/BL0182.jpg,DISPONIBLE
BL0136,CLOROX COLOR 1.8LT,8 / 1.8 LT,491.79,61.47,https://i.postimg.cc/SsN7pLDM/BL0136.jpg,DISPONIBLE
BL0135,CLOROX COLOR 500ML,12 / 500 ML,217.62,18.13,https://i.postimg.cc/ZqLFgsFm/BL0135.jpg,OFERTA
BL0107,CLOROX COLOR 930ML,15 / 930 ML,464.46,30.96,https://i.postimg.cc/13wK038f/BL0107.jpg,OFERTA
BL0279,CLOROX COLOR  DUO 930ML,7 / 2 UNI,335.45,47.92,https://i.postimg.cc/yYFPcNgW/BL0279.jpg,OFERTA
BL0316,CLOROX LAVANDA JAZMIN 1.16LT,15 / 1.16 LT,223.65,14.91,https://i.postimg.cc/yNb2g0hP/BL0316.jpg,DISPONIBLE
BL0162,CLOROX MAGIA FLORAL 3.8LT,6 / 3.8 LT,261.8,43.63,https://i.postimg.cc/wvf5xtGb/BL0162.jpg,DISPONIBLE
BL0179,CLOROX REG +2GRA. 500ML,15 / 930 ML,223.63,14.91,https://i.postimg.cc/SQPLwM8n/BL0179.jpg,DISPONIBLE
BL0106,CLOROX REG 500ML,20 / 500 ML,164.44,8.22,https://i.postimg.cc/PrB48wrg/BL0106.jpg,OFERTA
BL0409,CLOROX REG PUREZA 1.8LT,8 / 1.8 LT,191.14,23.89,https://i.postimg.cc/G3vYS5c5/BL0409.jpg,OFERTA
BL0408,CLOROX REG PUREZA 3.8LT,6 / 3.8 LT,268.21,44.7,https://i.postimg.cc/HxW5Cq6X/BL0408.jpg,DISPONIBLE
BL0313,CLOROX REG PUREZA 5.8LT,3 / 5.8 LT,196.44,65.48,https://i.postimg.cc/mgGP4xD1/BL0313.jpg,DISPONIBLE
BL0311,CLOROX REG PUREZA 1.16LT,15 / 1.1 LT,212.47,14.16,https://i.postimg.cc/zBgWNdT3/BL0311.jpg,OFERTA
BL0254,CLOROX REG PUREZA 10LT,10 / LT,127.63,12.76,https://i.postimg.cc/434BJT3y/BL0254.jpg,DISPONIBLE
BL0405,CLOROX REG PUREZA 930ML,15 / 930 ML,223.63,14.91,https://i.postimg.cc/qqHKv8Gw/BL0405.jpg,DISPONIBLE
BL0220,EL TIMON AZUL ,8 / 50 UNI,558.14,69.77,https://i.postimg.cc/14xq4DcM/BL0220.jpg,DISPONIBLE
BP0251,ACT II PAL. CHILE Y LIMON,4 / 15 UNI,930.35,232.59,https://i.postimg.cc/wvXvFnh5/BP0251.jpg,DISPONIBLE
BP0243,ACT II PAL. EXTRA MANTEQUILLA,6 / 14 UNI,928.02,154.67,https://i.postimg.cc/vZKcmrYn/BP0243.jpg,OFERTA
BP0244,ACT II PAL. MANTEQUILLA,6 / 14 UNI,928.02,154.67,https://i.postimg.cc/xdbqNX84/BP0244.jpg,OFERTA
BP0245,ACT II PAL. NATURAL,6 / 14 UNI,928.02,154.67,https://i.postimg.cc/tTQJ39VC/BP0245.jpg,OFERTA
BP0252,ACT II PAL. QUESO JALAPEÑO,4 / 15 UNI,935.79,233.95,https://i.postimg.cc/J0KhCJYG/BP0252.jpg,DISPONIBLE
BP0264,ACT II PAL. QUESO EXTREMO,4 / 15 UNI,935.79,233.95,https://i.postimg.cc/jSDSBDHS/BP0264.jpg,DISPONIBLE
BP0256,ACT II PAL. INFERNO,4 / 15 UNI,935.79,233.95,https://i.postimg.cc/x1Xnjb9z/BP0256.jpg,DISPONIBLE
BR0202,BRILL. PALMOLIVE LIQUIDA 115ML,12 / 115 ML,661.17,55.1,https://i.postimg.cc/sD62nYZL/BR0202.jpg,DISPONIBLE
BR0203,BRILL. PALMOLIVE LIQUIDA 52ML,12 / 52 ML,406.73,33.89,https://i.postimg.cc/SKVkPm0h/BR0203.jpg,DISPONIBLE
BT0699,ACT II PAL. RTE CHILE LIMON 50g,12 / 50 GR,143.15,11.93,https://i.postimg.cc/Pf6hhtrp/BT0699.jpg,DISPONIBLE
BT0851,PRINGLES PAPAS CREMA CEBOLLA,12 / 37 GR,173.28,14.44,https://i.postimg.cc/G2WNLKB6/BT0851.jpg,OFERTA
BT0854,PRINGLES PAPAS LA ADOBADA,12 / 37 GR,173.28,14.44,https://i.postimg.cc/wTcPzh9G/BT0854.jpg,OFERTA
BT0850,PRINGLES PAPAS ORIGINAL,12 / 35 GR,173.28,14.44,https://i.postimg.cc/hjz6R6Gr/BT0850.jpg,OFERTA
BT0852,PRINGLES PAPAS QUESO NACHO,12 / 37 GR,173.28,14.44,https://i.postimg.cc/QN7w62wZ/BT0852.jpg,OFERTA
CA0719,LOS PORTALES TRADICIONAL 85GR,12 / 85 GR,968.82,80.73,https://i.postimg.cc/YCycD9T7/CA0719.jpg,OFERTA
CA0676,LOS PORTALES TRAD TRADICIONAL 45GR,12 / 45 GR,587.79,48.98,https://i.postimg.cc/4NJqqd7T/CA0676.jpg,OFERTA
CA0480,NESCAFE CAFE DE OLLA 170 GRS.,15 / 170 GR,1342.82,89.52,https://i.postimg.cc/Y2PVbjC3/CA0480.jpg,DISPONIBLE
CA0672,NESCAFE CAPP. ORIGINAL 20GR,6 / 6 UNI,351.36,58.56,https://i.postimg.cc/BZd3tmH4/CA0672.jpg,OFERTA
CA0673,NESCAFE CAPP. VAINILLA 22GR,6 / 6 UNI,351.36,58.56,https://i.postimg.cc/50W9Rz9T/CA0673.jpg,OFERTA
CA0382,NESCAFE CLASICO 120GR,12 / 120 GR,1341.51,111.79,https://i.postimg.cc/C1Lt6q8v/CA0382.jpg,DISPONIBLE
CA0484,NESCAFE CLASICO 42G,16 / 42 GR,661.17,41.32,https://i.postimg.cc/NfrnVYyw/CA0484.jpg,OFERTA
CA0403,NESCAFE CLASICO 200GR,12 / 200 GR,1934.71,161.23,https://i.postimg.cc/KjCHzpHV/CA0403.jpg,DISPONIBLE
CA0561,NESCAFE CLASICO STICK 14G,6 / 16 UNI,1283.02,213.84,https://i.postimg.cc/qR5mbZ4R/CA0561.jpg,OFERTA
CA0487,NESCAFE DECAF 40G,12 / 40 GR,490.69,40.89,https://i.postimg.cc/Mp7F6DbP/CA0487.jpg,OFERTA
CA0363,NESCAFE DOLCA 170GR,15 / 170 GR,1501.21,100.08,https://i.postimg.cc/Z5p19ZZL/CA0363.jpg,OFERTA
CA0552,NESCAFE DOLCA CAFÉ 46G,15 / 46 GR,545.16,36.34,https://i.postimg.cc/pdP1pFs2/CA0552.jpg,OFERTA
CA0385,NESCAFE DOLCA 80GR,15 / 80 GR,986.52,65.77,https://i.postimg.cc/qRbYfvXp/CA0385.jpg,OFERTA
CA0721,NESCAFE DOLCA STICK 10GR EXH.,9 / 16 UNI,1198.05,133.12,https://i.postimg.cc/25y83536/CA0721.jpg,OFERTA
CA0232,INTERNACIONAL CAFÉ 100GR,12 / 100 GR,675.93,56.33,https://i.postimg.cc/GttW9yhB/CA0232.jpg,OFERTA
CA0230,INTERNACIONAL CAFÉ 50GR,12 / 50 GR,346.8,28.9,https://i.postimg.cc/Y9dcp3kK/CA0230.jpg,OFERTA
CD0482,CEPILLO PREMIER CLEAN 6PK,8 / 6 UNI,621.56,77.69,https://i.postimg.cc/02d4xnCt/CD0482.jpg,OFERTA
CD0385,CEPILLO PREMIER CLEAN TAPETE,6 / 12 UNI,665.48,110.91,https://i.postimg.cc/wMDG1QYj/CD0385.jpg,OFERTA
CD0393,COLGATE KIDS 5+ TANDY 2PK,12 / 2 UNI,454.12,37.84,https://i.postimg.cc/c13jk0tG/CD0393.jpg,DISPONIBLE
CD0525,COLGATE KIDS+PASTA KIDS 50M,48 / 2 UNI,1246.91,25.98,https://i.postimg.cc/s2d8wQvL/CD0525.jpg,OFERTA
CD0509,COLGATE ZIGZAG CHARC. 4PK,8 / 4 UNI,590,73.75,https://i.postimg.cc/2S0XL5Mh/CD0509.jpg,DISPONIBLE
CD0368,PRO COMPCT EXHIBIDOR,6 / UNI,559.08,93.18,https://i.postimg.cc/QdLrfh14/CD0368.jpg,OFERTA
CE1391,GOLDEN FOODS CHOCO NUBIS 150GR,24 / 150 GR,385.22,16.05,https://i.postimg.cc/bdcKMBdB/CE1391.jpg,DISPONIBLE
CE1390,GOLDEN FOODS CHOCO RONIS 150GR,24 / 150 GR,385.22,16.05,https://i.postimg.cc/T2L1z5pk/CE1390.jpg,DISPONIBLE
CE0571,GOLDEN FOODS FRUTI ROLLS 500GR,10 / 500 GR,326.74,32.67,https://i.postimg.cc/kMtTMN4Z/CE0571.jpg,DISPONIBLE
CE1393,GOLDEN FOODS GLACS HOJ. C/AZUCAR 150GR,24 / 150 GR,385.22,16.05,https://i.postimg.cc/fb8QLCg3/CE1393.jpg,DISPONIBLE
CE0835,GOLDEN FOODS ARROZ INF. CHOCOLATE 5KG,5 / KG,325.61,65.12,https://i.postimg.cc/Y2JyQnV5/CE0835.jpg,DISPONIBLE
CE0973,KELLOGGS CHOCO KRISPIS 290GR,28 / 290 GR,1153.63,41.2,https://i.postimg.cc/TPWq2Y6R/CE0973.jpg,OFERTA
CE1584,KELLOGGS CHOCO KRISPIS BONUS MUNDIAL 335GR,24 / 335 GR,1107.6,46.15,https://i.postimg.cc/gjzZQ3GL/CE1584.jpg,OFERTA
CE0788,KELLOGGS CORN FLAKES 150GR,28 / 150 GR,652.52,23.3,https://i.postimg.cc/9QgJFnwB/CE0788.jpg,DISPONIBLE
CE1349,KELLOGGS CORN FLAKES EKONOPACK 90GR,14 / 90 GR,260.1,18.58,https://i.postimg.cc/4N7PGnVr/CE1349.jpg,DISPONIBLE
CE1555,KELLOGGS CORN FLAKES 370GR,10 / 370 GR,485.26,48.53,https://i.postimg.cc/m2w5zLfN/CE1555.jpg,OFERTA
CE1583,KELLOGGS CORN FLAKES ORIG. BONUS MUNDIAL 175GR,24 / 175 GR,623.51,25.98,https://i.postimg.cc/BbMVfQsJ/CE1583.jpg,OFERTA
CE0747,KELLOGGS CORN POP 210GR,28 / 210 GR,1272.25,45.44,https://i.postimg.cc/T33tx61w/CE0747.jpg,DISPONIBLE
CE0976,KELLOGGS EKO CHOCO KRISPIS 135GR,14 / 135 GR,269.37,19.24,https://i.postimg.cc/V6qqMGvp/CE0976.jpg,OFERTA
CE0872,KELLOGGS EKO CHOCO KRISPIS POP 90GR,14 / 90 GR,288.15,20.58,https://i.postimg.cc/y8Gyz32Q/CE0872.jpg,OFERTA
CE0846,KELLOGGS EKO-FROOT LOOPS 90GR,14 / 90 GR,268.84,19.2,https://i.postimg.cc/Pfby8x8J/CE0846.jpg,OFERTA
CE0845,KELLOGGS EKO-ZUCARITAS 125GR,14 / 125 GR,268.84,19.2,https://i.postimg.cc/cCccq9Nw/CE0845.jpg,OFERTA
CE0748,KELLOGGS FROOT LOOPS 180GR,28 / 180 GR,1154.73,41.24,https://i.postimg.cc/L6TxGXHw/CE0748.jpg,OFERTA
CE1552,KELLOGGS VARIEDADES 30GR,50 / 30 GR,422.63,8.45,https://i.postimg.cc/pXvcY2P4/WM0797.jpg,DISPONIBLE
CE1384,KELLOGGS ZUCARITAS 600GR,16 / 600 GR,1092.75,68.3,https://i.postimg.cc/vmMHT0Rc/CE1384.jpg,OFERTA
CE0795,KELLOGGS ZUCARITAS 260GR,28 / 260 GR,1153.62,41.2,https://i.postimg.cc/XJd8LNH2/CE0795.jpg,OFERTA
CH0286,LA MORENA JAL/RELL PICADILLO,12 / 380 GR,524.01,43.67,https://i.postimg.cc/WpDDQfsv/CH0286.jpg,OFERTA
CH0162,DEL MONTE CHIPOTLES 200GR,24 / 205 GR,611.51,25.48,https://i.postimg.cc/XJqWBhs7/CH0162.jpg,DISPONIBLE
CH0214,DEL MONTE CHIPOTLE 400GR,24 / 400 GR,1107.73,46.16,https://i.postimg.cc/CdTptKSz/CH0214.jpg,DISPONIBLE
CH0179,LA COSTEÑA CHIPOTLES 220GR,24 / 220 GR,672.39,28.02,https://i.postimg.cc/YSyS8Wzk/CH0179.jpg,OFERTA
CH0106,LA COSTEÑA CHIPOTLES 380GR,24 / 380 GR,1171.08,48.79,https://i.postimg.cc/Cxpwrcxm/CH0106.jpg,DISPONIBLE
CH0105,LA COSTEÑA CHIPOTLES 105GR,40 / 105 GR,578.45,14.46,https://i.postimg.cc/wxPqLq8K/CH0105.jpg,OFERTA
CH1156,LA COSTEÑA JALAPEÑOS 780GR,12 / 780 GR,380.88,31.74,https://i.postimg.cc/NF1QQXN1/CH1156.jpg,DISPONIBLE
CH0904,LA COSTEÑA JALAPEÑOS 380GR,24 / 380 GR,515.5,21.48,https://i.postimg.cc/Rhx4bQ3L/CH0904.jpg,OFERTA
CH0901,LA COSTEÑA JALAPEÑOS 2.8 K,6 / 2.8 KG,448.43,74.74,https://i.postimg.cc/d3rKYfKF/CH0901.jpg,OFERTA
CH0202,LA COSTEÑA NACHOS 220GR,24 / 220 GR,379.44,15.81,https://i.postimg.cc/RVnwtM9N/CH0202.jpg,DISPONIBLE
CH0907,LA COSTEÑA NACHOS 2.8KG,6 / 2.8 KG,604.81,100.8,https://i.postimg.cc/CLWHrRJ8/CH0907.jpg,DISPONIBLE
CH0237,LA COSTEÑA NACHOS 3.65KG,6 / 3.6 KG,885.95,147.66,https://i.postimg.cc/FHgP8P1z/CH0237.jpg,DISPONIBLE
CH0309,LA COSTEÑA RAJAS 800GR,12 / 800 GR,453.82,37.82,https://i.postimg.cc/hGyjYVwv/CH0309.jpg,DISPONIBLE
CH0303,LA COSTEÑA RAJAS 380GR,24 / 380 GR,648.44,27.02,https://i.postimg.cc/dVFLZsrs/CH0303.jpg,DISPONIBLE
CH0319,LA COSTEÑA RAJAS 105GR,40 / 105 GR,350.28,8.76,https://i.postimg.cc/nVQzdj1V/CH0319.jpg,OFERTA
CH0304,LA COSTEÑA RAJAS 220GR,48 / 220 GR,735.67,15.33,https://i.postimg.cc/vZvDWJtW/CH0304.jpg,OFERTA
CH0308,LA COSTEÑA RAJAS. 2.8KG,6 / 2.8 KG,660.52,110.09,https://i.postimg.cc/Dzy05xxR/CH0308.jpg,DISPONIBLE
CH0128,SAN MARCOS CHIPOTLE 215G,24 / 215 GR,662.32,27.6,https://i.postimg.cc/SsZn9JXJ/CH0128.jpg,OFERTA
CH0402,SAN MARCOS RAJAS VERDES 380GR,24 / 380 GR,616.82,25.7,https://i.postimg.cc/g20FKRSV/CH0402.jpg,OFERTA
CH0411,SAN MARCOS RAJAS 105GR,40 / 105 GR,359.96,9,https://i.postimg.cc/GmzhBkbK/CH0411.jpg,OFERTA
CH0183,C.JACQUES CHIPOTLE 210GR,24 / 210 GR,563.76,23.49,https://i.postimg.cc/BQLjt61R/CH0183.jpg,OFERTA
CN0655,RIKOMATE 3 CUBOS,8 / 15 UNI,415.81,51.98,https://i.postimg.cc/tJz8rNSm/CN0655.jpg,OFERTA
CN0630,RIKOPOLLO EN POLVO 180GR,12 / 180 GR,171.56,14.3,https://i.postimg.cc/W4FL2rzh/CN0630.jpg,OFERTA
CN0664,KNORR SUIZA BOLSA 168GR,18 / 168 GR,707,39.28,https://i.postimg.cc/Znm1FMcd/CN0664.jpg,DISPONIBLE
CN0687,KNORR SUIZA POLLO 1 K,10 / 1 KG,1157.63,115.76,https://i.postimg.cc/Y0yxFvKY/CN0687.jpg,DISPONIBLE
CN0123,KNORR SUIZA FAMILIAR 24UNI,36 / 24 UNI,1846.49,51.29,https://i.postimg.cc/d00Y2n0D/CN0123.jpg,DISPONIBLE
CN0125,KNORR SUIZA TIRA,6 / 50 UNI,1202.7,200.45,https://i.postimg.cc/nLgx72g4/CN0125.jpg,OFERTA
CN0479,KNORR TOMATE BOLSA 200GR,18 / 200 GR,512.15,28.45,https://i.postimg.cc/g20bT1Py/CN0479.jpg,DISPONIBLE
CN0435,KNORR TOMATE EXH.,12 / 24 UNI,899.77,74.98,https://i.postimg.cc/5NbVw67R/CN0435.jpg,OFERTA
CO1517,LA COSTEÑA COCTEL FRUTAS,12 / 850 GR,811.62,67.64,https://i.postimg.cc/rsgYGFsB/CO1517.jpg,DISPONIBLE
CO1319,LA COSTEÑA MANGO REBANADO,12 / 800 GR,586.22,48.85,https://i.postimg.cc/3w1NMdFS/CO1319.jpg,DISPONIBLE
CO0189,VILLAFRUT C.FRUTAS 820G,12 / 820 GR,562.2,46.85,https://i.postimg.cc/g2j1DRvN/CO0189.jpg,OFERTA
CP0295,CANELATE CHOCOLATE CANELA 167GR,24 / 167 GR,387.13,16.13,https://i.postimg.cc/vmx0mgZL/CP0295.jpg,DISPONIBLE
CP0313,VALLE AZUL CHOC. EN POLVO,24 / 300 GR,604.68,25.2,https://i.postimg.cc/qq5yDW7J/CP0313.jpg,DISPONIBLE
CP0209,CHOCO KIWI 180GR,24 / 180 GR,572.17,23.84,https://i.postimg.cc/zG42FQDG/CP0209.jpg,OFERTA
CP0260,CHOCO KIWI 350GR,24 / 350 GR,673.02,28.04,https://i.postimg.cc/KYXQMgQK/CP0260.jpg,OFERTA
CP0223,MORELIA 155GR,10 / 155 GR,193.49,19.35,https://i.postimg.cc/156K0w5f/CP0223.jpg,OFERTA
CP0224,MORELIA 357GR,24 / 357 GR,1081.58,45.07,https://i.postimg.cc/g0wjRqGG/CP0224.jpg,DISPONIBLE
CP0317,NESQUICK FRESA 200 GR,10 / 200 GR,309.82,30.98,https://i.postimg.cc/FHRdTdMw/CP0317.jpg,DISPONIBLE
CP0248,NESQUIK POLVO DOYPACK 357GR,24 / 357 GR,1275.94,53.16,https://i.postimg.cc/V6HN6pTH/CP0248.jpg,DISPONIBLE
CP0270,CAL-C-TOSE PWD 350GR,33 / 350 GR,2292.14,69.46,https://i.postimg.cc/kgY0tnNw/CP0270.jpg,DISPONIBLE
CP0236,CAL-C-TOSE PWD 160GR,40 / 160 GR,1510.7,37.77,https://i.postimg.cc/NFGd0qDp/CP0236.jpg,DISPONIBLE
CP0269,CHOCO MILK BOLSA 350GR,33 / 350 GR,1807.76,54.78,https://i.postimg.cc/tRmWfwzw/CP0269.jpg,OFERTA
CP0172,CHOCO MILK LATA 400GR,24 / 400 GR,1766.69,73.61,https://i.postimg.cc/C1MLK8xZ/CP0172.jpg,DISPONIBLE
CR0107,CERILLOS CLASICOS 50s,10 / 50 UNI,989.5,98.95,https://i.postimg.cc/8kwShb5v/CR0107.jpg,OFERTA
CR0101,CERILLOS CLASICOS 50S,20 / 50 UNI,1982.06,99.1,https://i.postimg.cc/m2tSpS5z/CR0101.jpg,DISPONIBLE
CR0123,CERILLOS FLAMA 10PK 50s,10 / 5 UNI,1200.22,120.02,https://i.postimg.cc/8zvmNzDT/CR0123.jpg,OFERTA
CR0904,CERILLOS FLAMA 115S,50 / 5 UNI,1563.65,31.27,https://i.postimg.cc/Y9r66NFS/CR0904.jpg,OFERTA
CR0303,CERILLOS MANOLA 50S,10 / 50 UNI,759.09,75.91,https://i.postimg.cc/HLC4x1sX/CR0303.jpg,DISPONIBLE
CR1301,CERILLOS VIAJEROS 50S,20 / 50 UNI,1458.77,72.94,https://i.postimg.cc/pTsDq9QJ/CR1301.jpg,DISPONIBLE
CT1260,LUBRIDERM REPARACION INTENSA 750ML,6 / 750 ML,1081.93,180.32,https://i.postimg.cc/N0r04Hdc/CT1260.jpg,DISPONIBLE
DE0672,COLGATE ENCIAS SALUDABLES 180ML,12 / 1180 ML,313.4,26.12,https://i.postimg.cc/W1JCG6bZ/DE0672.jpg,OFERTA
DE0474,COLGATE KIDS GEL DENTAL,24 / 50 GR,391.46,16.31,https://i.postimg.cc/PrYMkqdT/DE0474.jpg,OFERTA
DE0376,COLGATE LOMINUOS WHITE 22ML,144 / 22 ML,3114.16,21.63,https://i.postimg.cc/jS1XLXHV/DE0376.jpg,DISPONIBLE
DE0683,COLGATE LUMINOUS WHITE BRILLANT 50ML,48 / 50 ML,1232.38,25.67,https://i.postimg.cc/y8StmXYd/DE0683.jpg,OFERTA
DE0646,COLGATE M.F.P. 50ML,48 / 50 ML,777.02,16.19,https://i.postimg.cc/qMT3yxdH/DE0646.png,OFERTA
DE0318,COLGATE M.F.P. 75ML,72 / 75 ML,1813.03,25.18,https://i.postimg.cc/28ZZB9tw/DE0318.jpg,DISPONIBLE
DE0678,COLGATE MAX FRESH SELECCIÓN 170ML,72 / 170 ML,3396.73,47.18,https://i.postimg.cc/bvzN9FTt/DE0678.jpg,DISPONIBLE
DE0602,COLGATE PLAX ICE INFINITY 180ML,12 / 180 ML,340.75,28.4,https://i.postimg.cc/RCn7c06K/DE0602.jpg,OFERTA
DE0487,COLGATE PLAX ICE INFINITY 250ML,12 / 250 ML,655.68,54.64,https://i.postimg.cc/xCBLWw7X/DE0487.jpg,OFERTA
DE0374,COLGATE TOTAL C.MINT 50ML,144 / 50 ML,2705.78,18.79,https://i.postimg.cc/gj6n8rgJ/DE0374.jpg,OFERTA
DE0649,COLGATE TOTAL C.MINT 75ML,72 / 75 ML,2358.01,32.75,https://i.postimg.cc/YCXLccLt/DE0649.jpg,DISPONIBLE
DE0337,COLGATE TRIPLE ACCION 50ML,144 / 50 ML,3482.8,24.19,https://i.postimg.cc/BvqLkSnY/DE0337.jpg,OFERTA
DE0236,COLGATE TRIPLE ACCION 100ML,72 / 100 ML,3164.25,43.95,https://i.postimg.cc/nrsQ23hn/DE0236.jpg,DISPONIBLE
DE0463,COLGATE TRIPLE ACCION EXT. BLANC. 50ML,144 / 50 ML,2298.75,15.96,https://i.postimg.cc/c1Vcj3yF/DE0463.jpg,OFERTA
DE0652,COLGATE TRIPLE ACCION 140ML,72 / 140 ML,2218.87,30.82,https://i.postimg.cc/9frRCxyZ/DE0652.jpg,OFERTA
DE0676,LISTERINE ZERO CUID. TOTAL 500ML,12 / 500 ML,1453.84,121.15,https://i.postimg.cc/NM9RRFH4/DE0676.jpg,DISPONIBLE
DE0383,LISTERINE ZERO 500ML,12 / 500 ML,1259.8,104.98,https://i.postimg.cc/cCfY5zTr/DE0383.jpg,DISPONIBLE
DG9964,SONRICS PIÑATA SUPRISE 2KG,6 / 2 KG,1051.74,175.29,https://i.postimg.cc/KvphqFgy/DG9964.jpg,OFERTA
DG5566,HALLS STRONG,30 / 12 UNI,2413.69,80.46,https://i.postimg.cc/JzTfkDL9/DG5566.jpg,OFERTA
DG2708,CREMINO BICOLOR AVELLANA 18GRS.,16 / 24 UNI,1151.82,71.99,https://i.postimg.cc/gjrWRbxH/WT9708.jpg,OFERTA
DG9981,MUIBON ROLL BARQ.,24 / 15 UNI,1262.95,52.62,https://i.postimg.cc/JnDLH87q/DG9981.jpg,OFERTA
DG2473,NUCITA MONEDAS ORO 5.9 GRS.,18 / 48 UNI,1287.56,71.53,https://i.postimg.cc/8csSWg7b/DG2473.jpg,OFERTA
DG2407,NUCITA TRISABOR 14G,24 / 16 UNI,624.59,26.02,https://i.postimg.cc/zXfQgNPd/DG2407.jpg,OFERTA
DS1328,LADY SPEED MINI FLORAL 8/6,8 / 6 UNI,569.64,71.21,https://i.postimg.cc/GmRVWVwg/DS1328.jpg,OFERTA
DS1587,LADY SPEED STK BARRA FRESIA,12 / 45 GR,701.52,58.46,https://i.postimg.cc/wTQ0mBZF/DS1587.jpg,DISPONIBLE
DS1767,LADY SPEED STK CO.GREEN,12 / 91 GR,630.59,52.55,https://i.postimg.cc/brTksZrt/DS1767.jpg,DISPONIBLE
DS2291,LADY SPEED STK CREMA 30GR,36 / 30 GR,552.9,15.36,https://i.postimg.cc/jq7sKpmR/DS2291.jpg,DISPONIBLE
DS1851,LADY SPEED STK POWDER SPR,12 / 91 GR,664.88,55.41,https://i.postimg.cc/MT0jFnyF/DS1851.jpg,DISPONIBLE
DS2446,LADY SPEED STICK PRO 5 AT 91GR,12 / 91 GR,569.42,47.45,https://i.postimg.cc/hPYNQ3ny/DS2446.jpg,OFERTA
DS2426,LADY SPEED STICK 91 GRS. MIX 3PACK,4 / 3 UNI,535.66,133.91,https://i.postimg.cc/kGL3nbFf/DS2426.jpg,OFERTA
DS2191,SPEED STK AER. INTENSE+ULTRA+INFINITE 3PK,4 / 3 UNI,538.55,134.64,https://i.postimg.cc/Dzp2yn7w/DS2191.jpg,OFERTA
DS2183,SPEED STK BARRA FRESH 2PK,12 / 2 UNI,1238.82,103.24,https://i.postimg.cc/jj9dK5vp/DS2183.jpg,DISPONIBLE
DS2292,SPEED STK CREMA ANT. XTREME BLOC 30GR,36 / 30 GR,533.89,14.83,https://i.postimg.cc/MHVxDBVn/DS2292.jpg,DISPONIBLE
DS1329,SPEED STK MINI NIGHT 8/6,8 / 6 UNI,569.5,71.19,https://i.postimg.cc/B6YhfHPJ/DS1329.jpg,OFERTA
DS1964,STEFANO AER. ALPHA 113GR,12 / 113 GR,632.45,52.7,https://i.postimg.cc/CL2dJG3K/DS1964.jpg,DISPONIBLE
DS1772,STEFANO AER. BLACK 113GR,12 / 113 GR,730.62,60.89,https://i.postimg.cc/3J82zFfC/DS1772.jpg,DISPONIBLE
DS2033,STEFANO AER. PLAY 125GR,12 / 125 GR,632.45,52.7,https://i.postimg.cc/SKhStDDm/DS2033.jpg,DISPONIBLE
DS2078,STEFANO AER. TRIUMPH 159M,12 / 159 ML,632.45,52.7,https://i.postimg.cc/85nVDHBJ/DS2078.jpg,DISPONIBLE
DS1221,STEFANO BARRA NEGRO 60GR,12 / 60 GR,681.24,56.77,https://i.postimg.cc/PfBB4N6j/DS1221.jpg,DISPONIBLE
DS1632,STEFANO BARRA IMPERIAL 54GR,12 / 54 GR,681.24,56.77,https://i.postimg.cc/6p6zLXNK/DS1632.jpg,DISPONIBLE
DS4003,LAS DOS CARAS TALCO FLORAL,24 / 250 GR,817.82,34.08,https://i.postimg.cc/tRnz3dN1/DS4003.jpg,DISPONIBLE
DS1795,AXE AER APOLLO 90 GR,12 / 90 GR,723.82,60.32,https://i.postimg.cc/MKTT1W9k/DS1795.jpg,DISPONIBLE
DS1817,AXE AER B.SPRY ANARCHY FLOWER 97GR,12 / 150 ML,713.48,59.46,https://i.postimg.cc/CKDddmmT/DS1817.jpg,DISPONIBLE
DS1818,AXE AER B.SPRY ANARQ. FRESH LOVE FOR HER WOMEN,12 / 150 ML,713.48,59.46,https://i.postimg.cc/26NZGQBW/DS1818.jpg,DISPONIBLE
DS1496,AXE AER B.SPRY ANARCHY 150M,12 / 150 ML,713.48,59.46,https://i.postimg.cc/mhf1mJX4/DS1496.jpg,DISPONIBLE
DS1725,AXE AER B.SPRY COLLISION 88 GR,12 / 152 ML,723.82,60.32,https://i.postimg.cc/mDm4r9fb/DS1725.jpg,DISPONIBLE
DS2161,AXE AER B.SPRY DARK TEMPTATION 88 GR,12 / 152 ML,723.82,60.32,https://i.postimg.cc/BQqFk9Ny/DS2161.jpg,DISPONIBLE
DS2162,AXE AER B.SPRY EXCITE 88 GR,12 / 152 ML,723.82,60.32,https://i.postimg.cc/cCcnCX17/DS2162.jpg,DISPONIBLE
DS2169,AXE AER B.SPRY ICE CHILL 88 GR,12 / 152 ML,723.82,60.32,https://i.postimg.cc/HLJXzw3G/DS2169.jpg,DISPONIBLE
DS2164,AXE AER B.SPRY INTENSE 88GR,12 / 152 ML,723.82,60.32,https://i.postimg.cc/63nRJBD0/DS2164.jpg,DISPONIBLE
DS2268,AXE AER BLACK REMIXED BZRP 210ML,12 / 210 ML,812.76,67.73,https://i.postimg.cc/rwt31Cy7/DS2268.jpg,DISPONIBLE
DS2210,AXE APOLLO STICK 45 GRS.,12 / 45 GR,627.77,52.31,https://i.postimg.cc/MKBqLTq4/DS2210.jpg,DISPONIBLE
DS2211,AXE BLACK STICK 45 GRS.,12 / 45 GR,627.77,52.31,https://i.postimg.cc/QC2stLJx/DS2211.jpg,DISPONIBLE
DS1489,AXE BS APOLLO 150 MLS.,12 / 150 ML,713.48,59.46,https://i.postimg.cc/Jzj5CcZ3/DS1489.jpg,DISPONIBLE
DS1478,AXE BS BLACK 150 MLS,12 / 150 ML,713.48,59.46,https://i.postimg.cc/4yMQsWWw/DS1478.jpg,DISPONIBLE
DS1550,AXE BS BLACK NIGHT 150M,12 / 150 ML,713.48,59.46,https://i.postimg.cc/PxvSpQn8/DS1550.jpg,DISPONIBLE
DS1487,AXE BS CONVICTION 150M,12 / 150 ML,713.48,59.46,https://i.postimg.cc/RF2bXbLR/DS1487.jpg,DISPONIBLE
DS1491,AXE BS EXCITE 150 MLS.,12 / 150 ML,713.48,59.46,https://i.postimg.cc/pXFDKY0C/DS1491.jpg,DISPONIBLE
DS1494,AXE BS FUSION BODY SPRAY,12 / 150 ML,713.48,59.46,https://i.postimg.cc/ydxRxFgM/DS1494.jpg,DISPONIBLE
DS1492,AXE BS GOLD TEMPTAT.150M,12 / 150 ML,713.48,59.46,https://i.postimg.cc/W1mgHpcY/DS1492.jpg,DISPONIBLE
DS2167,AXE BS ICE CHILL 150 MLS.,12 / 150 ML,713.48,59.46,https://i.postimg.cc/W4NRkK5q/DS2167.jpg,DISPONIBLE
DS2163,AXE BS INTENSE 150ML,12 / 150 ML,713.48,59.46,https://i.postimg.cc/nhYbMZGt/DS2163.jpg,DISPONIBLE
DS1898,AXE BS MUSIC 150 MLS.,12 / 150 ML,713.48,59.46,https://i.postimg.cc/ydTkTwKq/DS1898.jpg,DISPONIBLE
DS1488,AXE BS YOUNG 150 MLS.,12 / 150 ML,713.48,59.46,https://i.postimg.cc/90TgStxj/DS1488.jpg,DISPONIBLE
DS2209,AXE DARK TEMPTATION STK 45 GRS.,12 / 45 GR,627.77,52.31,https://i.postimg.cc/XJD4RBZB/DS2209.jpg,DISPONIBLE
DS2276,AXE DARK TEMPTATION BDSPRAY 210 MLS.,12 / 210 ML,812.76,67.73,https://i.postimg.cc/MHMqqZRD/DS2276.jpg,DISPONIBLE
DS2214,AXE INTENSE STK 45 GRS.,12 / 45 GR,627.77,52.31,https://i.postimg.cc/593xKyNP/DS2214.jpg,DISPONIBLE
DS1881,REXONA ADV. ANTIBAC. ACLARADO PERFEC STK,12 / 45 GR,633.97,52.83,https://i.postimg.cc/tgWb3CMz/DS1881.jpg,DISPONIBLE
DS1879,REXONA AER ADVANCED ACLARADO PERFECTO 150 ML,12 / 150 ML,704.66,58.72,https://i.postimg.cc/P5CCntDP/DS1879.jpg,DISPONIBLE
DS1667,REXONA AER ACTIVE EMOTION 150 ML,12 / 150 ML,702.77,58.56,https://i.postimg.cc/q70HXwp4/DS1667.jpg,DISPONIBLE
DS1673,REXONA AER BAMBOO 150 ML,12 / 150 ML,704.66,58.72,https://i.postimg.cc/Dw1KXHkj/DS1673.jpg,DISPONIBLE
DS1815,REXONA AER EFFICIENT ANTIBAC PROTECTION TALCO 153 ML,12 / 153 ML,883.7,73.64,https://i.postimg.cc/rmNmNz6m/DS1815.jpg,DISPONIBLE
DS1954,REXONA AER FRESH FOREST 150 ML,12 / 150 ML,710.8,59.23,https://i.postimg.cc/9fqwZWFj/DS1954.jpg,DISPONIBLE
DS1950,REXONA AER FRESH MARINE 150 ML,12 / 150 ML,713.71,59.48,https://i.postimg.cc/JnVDQ9GJ/DS1950.jpg,DISPONIBLE
DS1949,REXONA AER FRESH POMELO/TORONJA &VERBENA 150 ML,12 / 150 ML,702.77,58.56,https://i.postimg.cc/gJVwtNZC/DS1949.jpg,DISPONIBLE
DS1666,REXONA AER POWDER DRY,12 / 90 GR,704.66,58.72,https://i.postimg.cc/NGWNh0Zw/DS1666.jpg,DISPONIBLE
DS1665,REXONA AER SEXY BOUQUET 150 ML,12 / 150 ML,704.66,58.72,https://i.postimg.cc/d0BPWC0g/DS1665.jpg,DISPONIBLE
DS1697,REXONA AER WOMEN ANTIBAC INVISIBLE 150 ML,12 / 150 ML,704.66,58.72,https://i.postimg.cc/ryYcX5Nb/DS1697.jpg,DISPONIBLE
DS1664,REXONA AERO HAPPY MORNING 150 ML,12 / 150 ML,704.66,58.72,https://i.postimg.cc/V6Zywcn0/DS1664.jpg,DISPONIBLE
DS1466,REXONA AEROSOL MEN PROTEC ANTIBAC 90 GRS.,12 / 90 GR,715.6,59.63,https://i.postimg.cc/DZYn94S9/DS1466.jpg,DISPONIBLE
DS1750,REXONA ANTIBAC INVISIBLE WOMEN STK 45 GRS.,12 / 45 GR,633.97,52.83,https://i.postimg.cc/vmhQvNbv/DS1750.jpg,DISPONIBLE
DS1745,REXONA BAMBOO PROTEC SECA Y FRESCA STK 45 GRS.,12 / 45 GR,633.97,52.83,https://i.postimg.cc/7LwH0k8f/DS1745.jpg,DISPONIBLE
DS2267,REXONA CLINICAL WOMEN CREMA INTENSE FRESH 58 GRS.,12 / 58 GR,1233.93,102.83,https://i.postimg.cc/P5mfCq76/DS2267.jpg,DISPONIBLE
DS1747,REXONA DES.ACT.EMOTIO.45G,12 / 45 GR,633.97,52.83,https://i.postimg.cc/Z53P0r44/DS1747.jpg,DISPONIBLE
DS1748,REXONA DES.POWDER DRY 45G,12 / 45 GR,633.97,52.83,https://i.postimg.cc/TYBqRk8k/DS1748.jpg,DISPONIBLE
DS1814,REXONA EFFICIENT ORIG TALCO 153 ML,12 / 153 ML,911.62,75.97,https://i.postimg.cc/yxf825YG/DS1814.jpg,DISPONIBLE
DS2192,REXONA MEN ANTIBAC STK ANTITRANSP 45 GRS.,12 / 45 GR,626.31,52.19,https://i.postimg.cc/Sx0NQ9gh/DS2192.jpg,DISPONIBLE
DS2193,REXONA MEN ANTIBAC+INV STK ANTITRAN,0 / 0,626.31,,https://i.postimg.cc/m2gTv4Pr/DS2193.jpg,DISPONIBLE
DS1947,REXONA MEN ROLL-ON ANTITRAN.STAY FRESH FOREST 50 ML,12 / 50 ML,421.41,35.12,https://i.postimg.cc/6557zV50/DS1947.jpg,DISPONIBLE
DS1925,REXONA MUJER STK ANTITRAN.STAY FRESH FLORES BLANCAS & LICHI,12 / 45 GR,633.97,52.83,https://i.postimg.cc/dVzvZT4s/DS1925.jpg,DISPONIBLE
DS2278,REXONA POWSER DRY PROTEC SECA Y FRESCA AER 210ML,12 / 210 ML,824.38,68.7,https://i.postimg.cc/qqkpMVQL/DS2278.jpg,DISPONIBLE
DS2148,REXONA STK GEL V8 ANTITRAN,12 / 80 GR,855.57,71.3,https://i.postimg.cc/RVpv9YtQ/DS2148.jpg,DISPONIBLE
DT1873,CITREX LIMON 1.2LT,12 / 1.2 LT,735.07,61.26,https://i.postimg.cc/90dDm3SX/DT1873.jpg,DISPONIBLE
DT1871,CITREX LIMON 450ML,12 / 450 ML,317.91,26.49,https://i.postimg.cc/htNzLYGH/DT1869-jpg.png,OFERTA
DT1872,CITREX LIMON 740ML,12 / 740 ML,494.54,41.21,https://i.postimg.cc/7YWf4RSv/DT1872.jpg,DISPONIBLE
DT1869,CITREX LIMON +2 GRATIS 450ML,14 / 450 ML,317.91,22.71,https://i.postimg.cc/htNzLYGH/DT1869-jpg.png,OFERTA
DT1459,AXION LIQ AVENA VITAMINA E 640ML,12 / 640 ML,621.27,51.77,https://i.postimg.cc/d03kJJz5/DT1459.jpg,DISPONIBLE
DT1679,AXION LIQ LIMON BICARBONATO 1.4LT,6 / 1.4 LT,322.65,53.78,https://i.postimg.cc/Kzc9G3md/DT1679.jpg,OFERTA
DT1671,AXION LIQ LIMON PREC.ESP 1.1L,12 / 1.1 LT,776.8,64.73,https://i.postimg.cc/NfKz2XRt/DT1671.jpg,DISPONIBLE
DT0495,AXION LIQ LIMON 400ML,12 / 400 ML,263.25,21.94,https://i.postimg.cc/NfxvjB4v/DT0495.jpg,OFERTA
DT1675,AXION LIQ LIMON 640ML,12 / 640 ML,335.89,27.99,https://i.postimg.cc/YSHnPyZ2/DT1675.jpg,OFERTA
DT0892,AXION LIQ LIMON 750ML,12 / 750 ML,684.33,57.03,https://i.postimg.cc/59qRwpFw/DT0892.jpg,DISPONIBLE
DT1117,AXION LÍQ LIMÓN 280ML,12 / 280 ML,189.68,15.81,https://i.postimg.cc/s27c3DYp/DT1117.jpg,OFERTA
DT0949,AXIÓN LIQ LIMÓN 750+25%GRT,12 / 900 ML,557.83,46.49,https://i.postimg.cc/wjPf6GSd/DT0949.jpg,OFERTA
DT1320,AXION POLVO LIMON 720GR,18 / 720 GR,573.79,31.88,https://i.postimg.cc/fbyyNMqS/DT1320.jpg,OFERTA
DT0850,AXION POLVO LIMON 250GR,48 / 250 GR,666.43,13.88,https://i.postimg.cc/kGKDpw18/DT0850.jpg,OFERTA
DT0816,PRINCESA POLEGIA 200GR,50 / 200 GR,268.93,5.38,https://i.postimg.cc/KYkWB2nz/DT0816.jpg,OFERTA
DT1838,ARCOIRIS FLORAL 800GR,18 / 800 GR,382.87,21.27,https://i.postimg.cc/26cFMk8g/DT1838.jpg,OFERTA
DT1840,ARCOIRIS LAVANDA 800GR,18 / 800 GR,379.79,21.1,https://i.postimg.cc/gkLvVLhJ/DT1840.jpg,OFERTA
DT0627,ARCOIRIS MULTIUSOS 9KG,9 / KG,269.01,29.89,https://i.postimg.cc/wv9hTqHN/DT0627.jpg,DISPONIBLE
DT1836,MAESTRO LIMPIO 5KG,5 / KG,148.45,29.69,https://i.postimg.cc/DwxMJnJ0/DT1836.jpg,DISPONIBLE
DT1199,PALOMA MULTIUSOS 9KG,9 / KG,233.42,25.94,https://i.postimg.cc/65FnTx5z/DT1199.jpg,DISPONIBLE
DT1803,BLANCA NIEVES 500GR,20 / 500 GR,415.66,20.78,https://i.postimg.cc/jqHzgSKf/DT1803.jpg,OFERTA
DT1801,BLANCA NIEVES 250GR,40 / 250 GR,415.66,10.39,https://i.postimg.cc/L6mjrF6b/DT1801.jpg,OFERTA
DT1815,BLANCA NIEVES 10KG,10 / KG,417.6,41.76,https://i.postimg.cc/DwMsJWQ9/DT1815.jpg,DISPONIBLE
DT1809,BLANCA NIEVES 1KG,10 / 1 KG,413.03,41.3,https://i.postimg.cc/4NwpG2YN/DT1809.jpg,OFERTA
DT1811,BLANCA NIEVES 2KG,10 / 2 KG,847.15,84.72,https://i.postimg.cc/t4TW4d6d/DT1811.jpg,DISPONIBLE
DT1817,BLANCA NIEVES 5KG,4 / 5 KG,844.87,211.22,https://i.postimg.cc/qRf3w95Q/DT1817.jpg,DISPONIBLE
DT1907,BLANCA NIEVES LIQ 1LT,12 / 1 LT,414.38,34.53,https://i.postimg.cc/JnbB2pw8/DT1907.jpg,DISPONIBLE
DT1617,CARISMA 1KG,10 / 1 KG,457.05,45.71,https://i.postimg.cc/NfGQ3dh4/DT1617.jpg,OFERTA
DT1709,CARISMA 250GR,40 / 250 GR,459.21,11.48,https://i.postimg.cc/prhJrD41/DT1709.jpg,OFERTA
DT1616,CARISMA 500GR,20 / 500 GR,457.67,22.88,https://i.postimg.cc/tRNXvLcJ/DT1616.jpg,OFERTA
DT1619,CARISMA LIQ 1LT,12 / 1 LT,411.55,34.3,https://i.postimg.cc/vHPGb5bd/DT1619.jpg,OFERTA
DT1755,CARISMA LIQ 500ML,12 / 500 ML,205.09,17.09,https://i.postimg.cc/PrzKkqWg/DT1755.jpg,OFERTA
DT0806,FOCA 100GR,100 / 100 GR,542.94,5.43,https://i.postimg.cc/bNg4jLyz/DT0806.jpg,OFERTA
DT0802,FOCA 1KG,10 / 1 KG,433.34,43.33,https://i.postimg.cc/d3KgJxZ0/DT0802.jpg,OFERTA
DT0803,FOCA 250GR,40 / 250 GR,435.44,10.89,https://i.postimg.cc/Wz6Czw0w/DT0803.jpg,OFERTA
DT0805,FOCA 2KG,10 / 2 KG,892.3,89.23,https://i.postimg.cc/MKqg4g8P/DT0805.jpg,DISPONIBLE
DT0804,FOCA 500GR,20 / 500 GR,435.43,21.77,https://i.postimg.cc/FFj2TNwk/DT0804.jpg,OFERTA
DT0801,FOCA 5KG,5 / KG,890.07,178.01,https://i.postimg.cc/sXWtdrX8/DT0801.jpg,DISPONIBLE
DT0807,FOCA LIQ 1LT,12 / 1 LT,401.95,33.5,https://i.postimg.cc/DwzHfs01/DT0807.jpg,OFERTA
DT1753,FOCA LIQ 500MLS.,12 / 500 ML,205.09,17.09,https://i.postimg.cc/C1q7d0HP/DT1753.jpg,OFERTA
DT1681,FOCA LIQ GALON 3.8LT,4 / 3.7 LT,514.87,128.72,https://i.postimg.cc/zv5TfHfN/DT1681.jpg,DISPONIBLE
DT0703,PURO SOL 1KG,10 / 1 KG,411.14,41.11,https://i.postimg.cc/Xvzfx6nL/DT0703.jpg,DISPONIBLE
DT0702,PURO SOL 500GR,20 / 500 GR,413.31,20.67,https://i.postimg.cc/9Q83ybKx/DT0702.jpg,DISPONIBLE
DT0405,ROMA 10KG,10 / KG,429.49,42.95,https://i.postimg.cc/hvLWxBRx/DT0405.jpg,DISPONIBLE
DT0402,ROMA 1KG,10 / 1 KG,424.52,42.45,https://i.postimg.cc/jj2b1my0/DT0402.jpg,OFERTA
DT0401,ROMA 250GR,40 / 250 GR,427.14,10.68,https://i.postimg.cc/8CYSg4bF/DT0401.jpg,OFERTA
DT0407,ROMA 2KG,10 / 2 KG,870.84,87.08,https://i.postimg.cc/DfLKRq4Z/DT0407.jpg,DISPONIBLE
DT0403,ROMA 500GR,20 / 500 GR,427.14,21.36,https://i.postimg.cc/3RDH8GLt/DT0403.jpg,OFERTA
DT0977,ROMA LIQ 1LT,12 / 1 LT,378.05,31.5,https://i.postimg.cc/qBDFrVGg/DT0977.jpg,OFERTA
DT1752,ROMA LIQ 500 MLS.,12 / 500 ML,201.55,16.8,https://i.postimg.cc/7h5r8V77/DT1752.jpg,OFERTA
DT1680,ROMA LIQ GALON 3.7LT,4 / 3.7 LT,447.27,111.82,https://i.postimg.cc/c4V5KR2S/DT1680.jpg,DISPONIBLE
DT1445,123 DET C/SUAVIZANTE 10KG,10 / KG,276.68,27.67,https://i.postimg.cc/brkS4LK8/DT1445.jpg,DISPONIBLE
DT1452,123 LIQ COLOR 4.65LT,4 / 4.65 LT,634.58,158.65,https://i.postimg.cc/L6F1jK1s/DT1452.jpg,DISPONIBLE
DT1316,MAS BEBE LIQ 1.83LT,9 / 1.8 LT,651.03,72.34,https://i.postimg.cc/mD6hq7PV/DT1316.jpg,DISPONIBLE
DT1462,MAS CARE&REFRESH 4.65L,4 / 4.65 LT,758.24,189.56,https://i.postimg.cc/3NdNppd5/DT1462.jpg,DISPONIBLE
DT1160,MAS COLOR 1.83 LTS,9 / 1.8 LT,653.85,72.65,https://i.postimg.cc/Hk70tsPf/DT1160.jpg,DISPONIBLE
DT1424,MAS COLOR 6.64 LTS. GRATIS 2 LT,3 / 2.1 LT,800.08,266.69,https://i.postimg.cc/FFMjGk2N/DT1424.jpg,DISPONIBLE
DT1762,MAS COLOR CUIDADO Y FRESCURA 830 MLS.,14 / 830 ML,448.89,32.06,https://i.postimg.cc/1RqW9SSR/DT1762.jpg,DISPONIBLE
DT1677,MAS COLOR EUPHORIA,4 / 4.65 LT,758.24,189.56,https://i.postimg.cc/hGXpFZQJ/DT1677.jpg,DISPONIBLE
DT1763,MAS COLOR PREF/RENOV. 830ML,14 / 830 ML,538.83,38.49,https://i.postimg.cc/jdYM21qH/DT1763.jpg,DISPONIBLE
DT1425,MAS OSCURA 6.64 LTS. GRATIS 2 LT,3 / 6.64 LT,800.08,266.69,https://i.postimg.cc/rpQPbtFG/DT1425.jpg,DISPONIBLE
DT1312,MAS OSCURA LIQ 1.83LT,9 / 1.8 LT,651.03,72.34,https://i.postimg.cc/VLYjWdJR/DT1312.jpg,DISPONIBLE
DT1759,MAS OSCURA LIQ 830ML,14 / 830 ML,448.89,32.06,https://i.postimg.cc/76CKJ8TV/DT1759.jpg,DISPONIBLE
DT1314,MAS OSCURA ULTRA REN. OSCUROS LIQ,4 / 4.65 LT,758.24,189.56,https://i.postimg.cc/pTr6tXmb/DT1314.jpg,DISPONIBLE
DT1837,BOLIDO P/TRASTES LIMON,12 / 980 ML,417.43,34.79,https://i.postimg.cc/DfbQQzQz/DT1837.jpg,DISPONIBLE
DT1426,ACE LIQ 2800 MLS.,1 / 2.8 LT,450.14,450.14,https://i.postimg.cc/dtGGftYd/DT1426.jpg,DISPONIBLE
DT1392,ACE REG 250GR,36 / 500 GR,384.78,10.69,https://i.postimg.cc/Zqw8L7hM/DT1392.jpg,OFERTA
DT1787,ACE REG 850GR,10 / 850 GR,370.95,37.1,https://i.postimg.cc/nrGBC0T2/DT1787.jpg,OFERTA
DT1863,ARIEL LIMPIEZA PROFUNDA LIQ,2 / 4.8 LT,412.12,206.06,https://i.postimg.cc/nzDYSVVv/DT1863.jpg,DISPONIBLE
DT1713,ARIEL PROMO REGULAR 4K,4 / 4 KG,867.14,216.79,https://i.postimg.cc/KvTCsLjN/DT1713.jpg,DISPONIBLE
DT1456,ARIEL REVIT POUCH 400ML,9 / 400 ML,152.05,16.89,https://i.postimg.cc/YCpLy68K/DT1456.jpg,DISPONIBLE
DT1714,ARIEL REVITACOLOR 4KG,4 / 4 KG,815.59,203.9,https://i.postimg.cc/mgGKxDFG/DT1714.jpg,DISPONIBLE
DT1296,DETERGENTE ARIEL REGULAR PWD 24/750 GRS.,24 / 750 GR,1052.21,43.84,https://i.postimg.cc/L5w41gRC/DT1296.jpg,DISPONIBLE
DT1368,SALVO LIM.10s+2s GRA.500M,10 / 500 ML,289.3,28.93,https://i.postimg.cc/QM3FPHnC/DT1368.jpg,OFERTA
DT0915,SALVO LIMON 500 GRS.,20 / 500 GR,850.59,42.53,https://i.postimg.cc/nznQsC4M/DT0915.jpg,DISPONIBLE
DT0960,SALVO LIMON 900GR + 100GR   1KG,18 / 1 KG,1047.51,58.2,https://i.postimg.cc/SNSGD99g/DT0960.jpg,DISPONIBLE
DT1292,SALVO LIMON LIQ 1.2L,12 / 1.2 LT,838.82,69.9,https://i.postimg.cc/wTRRC4cN/DT1292.jpg,DISPONIBLE
DT1192,SALVO LIMON LIQ 750ML+150ML,12 / 900 ML,662.02,55.17,https://i.postimg.cc/8c5Mf16X/DT1192.jpg,DISPONIBLE
DT1266,SALVO LIMON LIQ 500ML,10 / 500 ML,299.57,29.96,https://i.postimg.cc/VN8tB9tC/DT1266.jpg,OFERTA
DT1033,SALVO LIMON LIQ 300ML,12 / 300 ML,225.18,18.76,https://i.postimg.cc/k5bjDymR/DT1033.jpg,OFERTA
DT1363,BOLD 3 AROM. PRIM. 500 GR,24 / 500 GR,454.53,18.94,https://i.postimg.cc/1tT5MPdj/DT1363.jpg,DISPONIBLE
DT1581,BOLD 3 CARIÑ/MAMÁ 5OOGR,24 / 500 GR,454.53,18.94,https://i.postimg.cc/nrf1J2cb/DT1581.jpg,DISPONIBLE
DT1364,BOLD 3 DT.CARIÑITOS/MAMÁ,18 / 850 GR,526.96,29.28,https://i.postimg.cc/GpNQMrWp/DT1364.jpg,DISPONIBLE
DT1606,BOLD 3 DT.CARIÑITOS/MAMÁ 5K,5 / KG,169.06,33.81,https://i.postimg.cc/PrWgH6m4/DT1606.jpg,DISPONIBLE
DT1366,BOLD 3 FLO.P/MIS AM.850G,18 / 850 GR,526.96,29.28,https://i.postimg.cc/XNp8sbqc/DT1366.jpg,DISPONIBLE
DT1465,BOLD 3 LIQ FLORES P.MIS AMORES 800GR,12 / 800 ML,315.62,26.3,https://i.postimg.cc/SRLfN9JX/DT1465.jpg,DISPONIBLE
DT1732,BOLD 3 LIQUIDO CARIÑITOS DE MAMA 1 LT,12 / 1 LT,395.51,32.96,https://i.postimg.cc/W1m3jsFN/DT1732.jpg,DISPONIBLE
DT1365,BOLD 3 SOLECI/PRIMAVE 850GR,18 / 850 GR,526.96,29.28,https://i.postimg.cc/bJtRWWP9/DT1365.jpg,DISPONIBLE
DT1883,UTIL FUERZA ACTIVA+1K GR 1KG,11 / 1 KG,297.54,27.05,https://i.postimg.cc/NMnRqnmB/DT1883.jpg,OFERTA
DT1666,UTIL JIRAFA 10K+1K,11 / KG,280.51,25.5,https://i.postimg.cc/660XZMzC/DT1666.jpg,OFERTA
DT1334,UTIL MULTIUSOS 500GR,20 / 500 GR,309.92,15.5,https://i.postimg.cc/RVkXZBf3/DT1334.jpg,OFERTA
DT1338,UTIL MULTIUSOS 250GR,40 / 250 GR,320.12,8,https://i.postimg.cc/htKm7n4J/DT1338.jpg,OFERTA
DT2201,UTIL MULTIUSOS 10KG,10 / KG,280.51,28.05,https://i.postimg.cc/g2bHPKFv/DT2201.jpg,OFERTA
DT1707,UTIL MULTIUSOS BLANCO 1K,10 / 1 KG,306.74,30.67,https://i.postimg.cc/8PtLKNWV/DT1707.jpg,DISPONIBLE
DT1880,UTIL MULTIUSOS CITRICO 1KG,10 / 1 KG,297.54,29.75,https://i.postimg.cc/gjwjPR8b/DT1880.jpg,OFERTA
DT1330,UTIL MULTIUSOS BLANCO 1KG,10 / 1 KG,305.69,30.57,https://i.postimg.cc/qMz57wFd/DT1330.jpg,DISPONIBLE
DT1339,UTIL MULTIUSOS 5KG,5 / KG,146.02,29.2,https://i.postimg.cc/tgBgZFNy/DT1339.jpg,OFERTA
DT1955,GARY POLEGIA 200 GRS.,30 / 200 GR,191.54,6.38,https://i.postimg.cc/XYB66SgK/DT1955.jpg,DISPONIBLE
ES0103,MCC ABLANDADOR DE CARNE 155GR,12 / 155 GR,226.36,18.86,https://i.postimg.cc/52TY9hb1/ES0103.jpg,DISPONIBLE
ES3125,MCC PIMIENTA NEGRA MOLIDA 64GR,12 / 64 GR,742.59,61.88,https://i.postimg.cc/8cXkKvCD/ES3125.jpg,DISPONIBLE
ES3403,MCC SABROSEADOR 117GR,12 / 117 GR,306.96,25.58,https://i.postimg.cc/fW8bTGfF/ES3403.jpg,DISPONIBLE
ES0584,MCC SAL C/AJO 125G,12 / 125 GR,263.48,21.96,https://i.postimg.cc/PfyCvpTS/ES0584.jpg,DISPONIBLE
ES0756,MCC SAL CON PIMIENTA,12 / 120 GR,337.32,28.11,https://i.postimg.cc/xdKrqvhc/ES0756.jpg,DISPONIBLE
ES0185,KNORR MI ARROZ BLANCO AJO/CEB 12GR,24 / 4 UNI,525.71,21.9,https://i.postimg.cc/76FrykMp/ES0185.jpg,DISPONIBLE
ES0186,KNORR MI ARROZ ROJO AJO/CEB 17GR,24 / 4 UNI,525.71,21.9,https://i.postimg.cc/76FrykMp/ES0185.jpg,DISPONIBLE
FI1118,DART TAPA 10 SLMX,10 / 100 UNI,630.09,63.01,https://i.postimg.cc/SszwFzVk/FI1118.jpg,DISPONIBLE
FI1110,DART VASO UNiCEl 10 oZ.,40 / 25 UNI,527.93,13.2,https://i.postimg.cc/15ZZSMLT/FI1110.jpg,DISPONIBLE
FI1114,DART VASO UNICEL 16 OZ.,20 / 25 UNI,475.46,23.77,https://i.postimg.cc/RZS56hCL/FI1114.jpg,DISPONIBLE
FI1108,DART VASO UNICEL 8 OZ.,40 / 25 UNI,446.16,11.15,https://i.postimg.cc/c13NPP5w/FI1108.jpg,DISPONIBLE
FI1130,CUCHARA FIVE STARS MEDIANA,40 / 25 UNI,406.79,10.17,https://i.postimg.cc/7PSSSngy/FI1130.jpg,DISPONIBLE
FI0955,FIVE STAR PLATO PH8,20 / 25 UNI,429.64,21.48,https://i.postimg.cc/htXsbbDt/temp-File-For-Share-20250212-163624.jpg,OFERTA
FI1064,FIVE STAR VASO IRROMPIBLE No.14,20 / 50 UNI,645.2,32.26,https://i.postimg.cc/vBMJn1wX/FI1064.jpg,OFERTA
FI1062,FIVE STAR VASO No.5.5,20 / 50 UNI,313.38,15.67,https://i.postimg.cc/GtvFZWgW/FI1062.jpg,OFERTA
FI0940,FIVE STAR VASO PLAST 10,20 / 50 UNI,589.22,29.46,https://i.postimg.cc/mgKwdzkN/Screenshot-20250212-162936.jpg,OFERTA
FI0951,FIVE STAR VASO PLAST 12,20 / 50 UNI,650.91,32.55,https://i.postimg.cc/mgKwdzkN/Screenshot-20250212-162936.jpg,OFERTA
FI0939,FIVE STAR VASO PLAST 8,20 / 50 UNI,443.49,22.17,https://i.postimg.cc/mgKwdzkN/Screenshot-20250212-162936.jpg,OFERTA
FI1131,FIVE STARS TENEDOR MEDIANO,40 / 25 UNI,373.42,9.34,https://i.postimg.cc/P55ZsG0p/FI1131.jpg,DISPONIBLE
FI0952,FIVE STARS VASO #16,20 / 50 UNI,1000.72,50.04,https://i.postimg.cc/mgKwdzkN/Screenshot-20250212-162936.jpg,OFERTA
FI1059,JAGUAR ALME.8X8 LIS.RECIC,4 / 50 UNI,522.06,130.52,https://i.postimg.cc/C1BVh2My/FI1059.jpg,OFERTA
FI1007,JAGUAR ALMEJA 6X6 HAMBURG.,4 / 125 UNI,439.84,109.96,https://i.postimg.cc/8zRfSJMX/FI1007.jpg,OFERTA
FI0961,JAGUAR ALMEJA 9X9 LISA,4 / 50 UNI,482.65,120.66,https://i.postimg.cc/Xqr6vzVS/FI0961.jpg,OFERTA
FI0156,JAGUAR CHAROLA #66,10 / 50 UNI,124.72,12.47,https://i.postimg.cc/g0yz9Q0g/FI0156.jpg,OFERTA
FI0153,JAGUAR CHAROLA TERM. 855,10 / 50 UNI,174.94,17.49,https://i.postimg.cc/6399Bc2t/FI0153.jpg,OFERTA
FI0964,JAGUAR CONT PL DELI 1LT,20 / 25 UNI,1245.89,62.29,https://i.postimg.cc/Z53bN6Cw/FI0964.jpg,OFERTA
FI0965,JAGUAR CONT PL DELI 2LT,20 / 25 UNI,758.29,37.91,https://i.postimg.cc/Pr8ks931/FI0965.jpg,OFERTA
FI0661,JAGUAR CUCHARA PASTELERA,60 / 50 UNI,625.83,10.43,https://i.postimg.cc/vTTbVmtK/FI0661.jpg,DISPONIBLE
FI0968,JAGUAR CUCHARA SOPERA PS 40/25 UNI.,40 / 25 UNI,517.54,12.94,https://i.postimg.cc/ZqJkNRTL/FI0968.jpg,DISPONIBLE
FI0970,JAGUAR PLATO TERMICO HONDO PH6,20 / 25 UNI,244.29,12.21,https://i.postimg.cc/3w1sFTNQ/FI0970.jpg,OFERTA
FI0990,JAGUAR TENEDOR JUMBO,40 / 25 UNI,470.36,11.76,https://i.postimg.cc/zGrDdqzy/FI0990.jpg,DISPONIBLE
FI1056,JAGUAR VASO PLAS.16 BICOL,50 / 20 UNI,1346.01,26.92,https://i.postimg.cc/s22r8Xtg/FI1056.jpg,DISPONIBLE
FI1046,JAGUAR VASO PLASTICO 5.6,20 / 50 UNI,304.91,15.25,https://i.postimg.cc/3JvvD2ZR/FI1046.jpg,OFERTA
FL0142,FLAN PRONTO VAINILL C/CAR,24 / 136 GR,337.95,14.08,https://i.postimg.cc/cJPbmLWj/FL0142.jpg,OFERTA
FO0371,ICON LED 10W-75W LUZ FRIA,10 / 1 UNI,145,14.5,https://i.postimg.cc/T3mBMKG4/FO0371.jpg,DISPONIBLE
FO0346,ICON LED 20W=125W LUZ FRIA,12 / 1 UNI,696,58,https://i.postimg.cc/wjj8JqpB/FO0346.jpg,DISPONIBLE
FO0329,ICON LED 9W/60W LED L.BCA.,10 / 1 UNI,152.26,15.23,https://i.postimg.cc/PrXqm1Yt/FO0329.jpg,OFERTA
FP1384,CAPRICE ACTI-CERAMIDAS C.PEINAR 250 MLS.,12 / 250 ML,318.53,26.54,https://i.postimg.cc/wj4QVMwc/FP1384.jpg,OFERTA
FP1383,CAPRICE BIOTINA C.PEINAR 250 MLS.,12 / 250 ML,318.53,26.54,https://i.postimg.cc/htt0TT1f/FP1383.jpg,OFERTA
FP0765,CAPRICE SPRY ANTCERAMIDAS,12 / 316 ML,719.63,59.97,https://i.postimg.cc/3N8CjskV/FP0765.jpg,OFERTA
FP0763,CAPRICE SPRY NAT ALGAS,12 / 316 ML,719.63,59.97,https://i.postimg.cc/7Zd9vtRJ/FP0763.jpg,OFERTA
FP0764,CAPRICE SPRY NAT KIWI,12 / 316 ML,719.63,59.97,https://i.postimg.cc/ZRhLnB4T/FP0764.jpg,OFERTA
FP0762,CAPRICE SPRY NAT SABILA,12 / 316 ML,719.63,59.97,https://i.postimg.cc/GpDQbJ07/FP0762.jpg,OFERTA
FP1348,GEL ZEUS DARK,12 / 250 GR,211.09,17.59,https://i.postimg.cc/QNf2Bx4k/FP1348.jpg,DISPONIBLE
FP1349,GEL ZEUS FRESH,12 / 250 GR,211.09,17.59,https://i.postimg.cc/02gJsR5s/FP1349.jpg,DISPONIBLE
FP0963,GEL XTREME PROFESSIO.500G,12 / 500 GR,446.39,37.2,https://i.postimg.cc/KzNtY00N/FP0963.jpg,DISPONIBLE
FP0945,GEL XTREME TRANSP. 1KG,6 / 1 KG,408.45,68.08,https://i.postimg.cc/8z2RXJFh/FP0945.jpg,OFERTA
FP1334,GEL ATM POWER 250G,12 / 250 GR,171.81,14.32,https://i.postimg.cc/v8x6kHsh/FP1334.jpg,DISPONIBLE
FP1171,C.P. H&S HIDRA.COCO 300M,12 / 300 ML,788.16,65.68,https://i.postimg.cc/3rfDb4Vd/FP1171.jpg,DISPONIBLE
FP1306,C.P. H&S SYM A.FRIZZ300ML,12 / 300 ML,787.94,65.66,https://i.postimg.cc/SsvNV8R4/FP1306.jpg,DISPONIBLE
FP1169,C.P. PANTENE FUE&RECON300,12 / 300 ML,753.82,62.82,https://i.postimg.cc/FzzkHNdr/FP1169.jpg,DISPONIBLE
FP1170,C.P. PANTENE HIDRAT.EXT300,12 / 300 ML,753.82,62.82,https://i.postimg.cc/MHLMcNVy/FP1170.jpg,DISPONIBLE
FP1168,C.P. PANTENE RESTAURA.300,12 / 300 ML,753.82,62.82,https://i.postimg.cc/W3XJVh4Y/FP1168.jpg,DISPONIBLE
FP1374,HERBAL ESSENCE SUAV. Y ANTI-ESPONJ. 300 MLS.,12 / 300 ML,575.33,47.94,https://i.postimg.cc/5N33XnvG/FP1374.jpg,DISPONIBLE
FP1330,PANTENE COLAGENO NUTRE Y REVIT. 300ML,12 / 300 ML,756.55,63.05,https://i.postimg.cc/wBbhtL7M/FP1330.jpg,DISPONIBLE
FP1197,PANTENE CP BAMBU 300M,12 / 300 ML,753.82,62.82,https://i.postimg.cc/9Q50vGpF/FP1197.jpg,DISPONIBLE
FP1362,GEL BARBER STYLE GOLD,12 / 200 GR,178.85,14.9,https://i.postimg.cc/pVqfYsxg/FP1362.jpg,OFERTA
FP1369,GEL SUPERFIX FIJACION EXTREMA,24 / 100 GR,173.85,7.24,https://i.postimg.cc/rwf1XCgs/FP1369.jpg,OFERTA
FP1341,GEL SUPERFIX,12 / 230 GR,160.47,13.37,https://i.postimg.cc/C51fQVY9/FP1341.jpg,OFERTA
FP0795,C.P. SAVILE BIOTINA RIZO 300 MLS.,12 / 300 ML,372.28,31.02,https://i.postimg.cc/Z5BPLFqb/FP0795.jpg,DISPONIBLE
FP0780,C.P. SAVILE LISO KERATINA,12 / 300 ML,403.98,33.67,https://i.postimg.cc/fTgjXgDq/FP0780.jpg,DISPONIBLE
FP1188,C.P. SAVILE NOPAL 300 MLS.,12 / 300 ML,403.98,33.67,https://i.postimg.cc/2y13fGM3/FP1188.jpg,DISPONIBLE
FP1119,C.P. SAVILE RISO A 300MLS,12 / 300 ML,403.98,33.67,https://i.postimg.cc/d3Nd2LPZ/FP1119.jpg,DISPONIBLE
FP1310,C.P. SEDAL AG.MIC.B5 300M,12 / 300 ML,571.37,47.61,https://i.postimg.cc/z3mDYrTP/FP1310.jpg,DISPONIBLE
FP1312,C.P. SEDAL HIALU.V-C 300M,12 / 300 ML,571.37,47.61,https://i.postimg.cc/gcxvpHvv/FP1312.jpg,DISPONIBLE
FP1308,C.P. SEDAL PREB.BIO300M,12 / 300 ML,571.37,47.61,https://i.postimg.cc/kGBn3qrm/FP1308.jpg,DISPONIBLE
FP1153,GEL EGO ALFA C. CAIDA,12 / 200 ML,204.88,17.07,https://i.postimg.cc/zX3TJSKC/FP1153.jpg,OFERTA
FP1327,GEL EGO BLACK 220ML,12 / 220 ML,340.48,28.37,https://i.postimg.cc/fbH9nVy2/FP1327.jpg,DISPONIBLE
FP0970,GEL EGO FRESH CONTROL,12 / 200 GR,204.88,17.07,https://i.postimg.cc/fyRmSYFh/FP0970.jpg,OFERTA
FP1328,GEL EGO FRESH CASPA FOR MEN,12 / 220 ML,340.48,28.37,https://i.postimg.cc/ht1msyBq/FP1324.jpg,DISPONIBLE
FP1324,GEL EGO FRESH 200ML,12 / 200 ML,204.88,17.07,https://i.postimg.cc/ht1msyBq/FP1324.jpg,OFERTA
FP0770,GEL EGO TARRO DIEZ 12,12 / 200 ML,204.88,17.07,https://i.postimg.cc/nr3K337z/FP0770.jpg,OFERTA
FP1346,GEL EGO ULTRA INTENSE,12 / 200 ML,227.8,18.98,https://i.postimg.cc/MTvjWzjW/FP1346.jpg,OFERTA
FR0625,LA COSTEÑA ENT BAYOS 400GR,12 / 400 GR,154.55,12.88,https://i.postimg.cc/28cRWmqp/FR0625.jpg,DISPONIBLE
FR0601,LA COSTEÑA ENT BAYOS 560GR,12 / 560 GR,159.95,13.33,https://i.postimg.cc/jS1bpKK6/FR0601.jpg,OFERTA
FR0192,LA COSTEÑA ENT BAYOS 840GR,12 / 840 GR,249.59,20.8,https://i.postimg.cc/3Nxk6VWV/FR0192.jpg,DISPONIBLE
FR0605,LA COSTEÑA ENT CHARROS 560GR,12 / 560 GR,274.61,22.88,https://i.postimg.cc/L5vdNFN1/FR0605.jpg,OFERTA
FR0627,LA COSTEÑA ENT NEGRO 400GR,12 / 400 GR,154.55,12.88,https://i.postimg.cc/RVVxqqZQ/FR0627.jpg,DISPONIBLE
FR0193,LA COSTEÑA ENT NEGROS 840GR,12 / 840 GR,249.59,20.8,https://i.postimg.cc/MHQ5D5hW/FR0193.jpg,DISPONIBLE
FR0616,LA COSTEÑA MOLIDOS NEGROS 440GR,12 / 440 GR,195.68,16.31,https://i.postimg.cc/25zQ4hrM/FR0616.jpg,DISPONIBLE
FR0289,LA COSTEÑA REF MINI BAYO 220GR,12 / 220 GR,111.07,9.26,https://i.postimg.cc/tJGRLb3v/FR0289.jpg,OFERTA
FR0617,LA COSTEÑA REF BAYO 400GR,12 / 400 GR,165.27,13.77,https://i.postimg.cc/zDk1JT8G/FR0617.jpg,DISPONIBLE
FR0602,LA COSTEÑA REF BAYO 580GR,12 / 580 GR,176.91,14.74,https://i.postimg.cc/Jz08Ytw4/FR0602.jpg,OFERTA
FR0296,LA COSTEÑA REF BAYO 440GR,12 / 440 GR,170.95,14.25,https://i.postimg.cc/L8Q9mLk1/FR0296.jpg,DISPONIBLE
FR0604,LA COSTEÑA REF NEGRO 580GR,12 / 580 GR,176.91,14.74,https://i.postimg.cc/NM6v2HXb/FR0604.jpg,OFERTA
FR0297,LA COSTEÑA REF NEGRO 440GR,12 / 440 GR,171.13,14.26,https://i.postimg.cc/SxxQ0D94/FR0297.jpg,DISPONIBLE
FR0369,ISADORA BAYO REFRITO JIRAFA 20GR GRT 450GR,24 / 450 GR,399.29,16.64,https://i.postimg.cc/3JMZkd6c/FR0369.jpg,OFERTA
FR0292,ISADORA ENT CLAROS 454GR,12 / 454 GR,208.3,17.36,https://i.postimg.cc/nrKVxWTF/FR0292.jpg,OFERTA
FR0295,ISADORA ENT NEGROS 454GR,12 / 454 GR,208.3,17.36,https://i.postimg.cc/5N39kZ6p/FR0295.jpg,OFERTA
FR0370,ISADORA NEGRO REF JIRAFA 20GR GRT 450GR,24 / 450 GR,385.29,16.05,https://i.postimg.cc/rm3NCmp2/FR0370.jpg,OFERTA
FR0357,ISADORA REF NEGRO POUCH 430GR,12 / 430 GR,195.08,16.26,https://i.postimg.cc/TYCGcg44/FR0357.jpg,OFERTA
FR0293,ISADORA REF C/CHICHARRON 430GR,12 / 430 GR,342.1,28.51,https://i.postimg.cc/HWbkbJmq/FR0293.jpg,DISPONIBLE
FR0294,ISADORA REF C/CHORIZO 430GR,12 / 430 GR,280.51,23.38,https://i.postimg.cc/02x2n82b/FR0294.jpg,DISPONIBLE
FR0302,ISADORA REF BAYOS MINI 220GR,22 / 220 GR,227.09,10.32,https://i.postimg.cc/zfLJvvpP/FR0302.jpg,OFERTA
FR0303,ISADORA REF NEGRO MINI 220GR,22 / 220 GR,227.09,10.32,https://i.postimg.cc/c1Rw1hf4/FR0303.jpg,OFERTA
FR0116,LA SIERRA ENT CHARROS,12 / 560 GR,212.67,17.72,https://i.postimg.cc/RhZ2PjFH/FR0116.jpg,OFERTA
FR0255,LA SIERRA FRI COL NEG,24 / 430 GR,242.18,10.09,https://i.postimg.cc/kgJGJ7kk/FR0255.jpg,OFERTA
FR0142,LA SIERRA MOLIDO BAYOS 430GR,24 / 430 GR,255.14,10.63,https://i.postimg.cc/x8JMLw2f/FR0142.jpg,OFERTA
FR0273,LA SIERRA MOLIDO NEGRO POUCH 430GR,24 / 430 GR,290.28,12.1,https://i.postimg.cc/VNq7CbR8/FR0273.jpg,OFERTA
FR0141,LA SIERRA MOLIDO NEGROS 440GR,24 / 440 GR,255.14,10.63,https://i.postimg.cc/SKKnrmdW/FR0141.jpg,OFERTA
FR0126,LA SIERRA REF BAYOS 440GR,24 / 440 GR,306.82,12.78,https://i.postimg.cc/pLC9zmfW/FR0126.jpg,OFERTA
FR0350,LA SIERRA REF BAYO POUCH 430GR,24 / 430 GR,351.25,14.64,https://i.postimg.cc/sX7sPLkY/FR0350.jpg,OFERTA
FR0154,LA SIERRA REF NEGROS 580GR,12 / 580 GR,191.38,15.95,https://i.postimg.cc/1tn4kMLX/FR0154.jpg,OFERTA
FR0124,LA SIERRA REFRITOS NEGROS,24 / 440 GR,306.82,12.78,https://i.postimg.cc/MpqMn7j3/FR0124.jpg,OFERTA
FR0351,LA SIERRA REF NEGROS POUCH 430GR,24 / 430 GR,349.92,14.58,https://i.postimg.cc/KjbF0Nbd/FR0351.jpg,OFERTA
GA3072,GOLD.FOODS ANIMALITOS 500GR,10 / 500 GR,272.84,27.28,https://i.postimg.cc/xCdYyhbt/GA3072.jpg,DISPONIBLE
GA3074,GOLD.FOODS MARIAS 170GR,20 / 170 GR,205.92,10.3,https://i.postimg.cc/ncDGZn3W/GA3074.png,DISPONIBLE
GA0231,GAMESA ANIMALITOS 500G,12 / 500 GR,531.98,44.33,https://i.postimg.cc/d1f6FJXb/GA0231.jpg,OFERTA
GA2054,GAMESA CRACKETS GALL.135G,20 / 135 GR,314.4,15.72,https://i.postimg.cc/J0mNMtxd/GA2054.jpg,OFERTA
GA0122,GAMESA CREMAX DE NIEVE FRESA,8 / 213 GR,183.73,22.97,https://i.postimg.cc/B6tFW722/GA0122.jpg,OFERTA
GA4135,GAMESA EMPERADOR CHOCOLATE 121GR,16 / 121 GR,223.81,13.99,https://i.postimg.cc/x80mxZp7/GA4135.png,OFERTA
GA4088,GAMESA EMPERADOR COMB +2GALL,16 / 109 GR,221.62,13.85,https://i.postimg.cc/9fL5GqRy/GA4088.jpg,OFERTA
GA4087,GAMESA EMPERADOR NUEZ+2 109GR,16 / 109 GR,221.62,13.85,https://i.postimg.cc/9QLzXzLY/GA4087.jpg,OFERTA
GA4089,GAMESA EMPERADOR PIRUETA +2GALL,16 / 115 GR,221.62,13.85,https://i.postimg.cc/ZR0kjKp2/GA4089.jpg,OFERTA
GA4086,GAMESA EMPERADOR VAINILLA +2GALL,16 / 109 GR,221.62,13.85,https://i.postimg.cc/9MSxcPPV/GA4086.jpg,OFERTA
GA3159,GAMESA FRUTS+2 GALLE.130G,21 / 130 GR,417.14,19.86,https://i.postimg.cc/zf27kwc8/GA3159.jpg,OFERTA
GA4153,GAMESA MAMUT 210GR,12 / 210 GR,454.12,37.84,https://i.postimg.cc/L6Bn7xfx/GA4153.jpg,OFERTA
GA4139,GAMESA MARAVILLAS VAINILLA,20 / 125 GR,317.08,15.85,https://i.postimg.cc/28YVY0GS/GA4139.jpg,OFERTA
GA0185,GAMESA MARIAS CLASICAS 185GR,22 / 185 GR,301.93,13.72,https://i.postimg.cc/wB0FWXkT/GA0179.jpg,OFERTA
GA2057,GAMESA PANCREMA GALL.151G,20 / 151 GR,230.69,11.53,https://i.postimg.cc/J4gSqYWs/GA2057.webp,OFERTA
GA0771,GAMESA SODA REAL,12 / 150 GR,172.29,14.36,https://i.postimg.cc/cCYb5KH9/GA0771.jpg,OFERTA
GA4124,GAMESA SURTIDO RICO,12 / 424 GR,629.75,52.48,https://i.postimg.cc/hG2S8W6G/GA4124.jpg,OFERTA
GA3063,CUETARA ANIMALES 800GR,6 / 800 GR,241.76,40.29,https://i.postimg.cc/bJtvRgpb/GA3063.jpg,DISPONIBLE
GA3061,CUETARA ANIMALES,5 / KG,202.72,40.54,https://i.postimg.cc/zG9RqVXS/GA3061.jpg,DISPONIBLE
GA3277,CUETARA CHAVALIN 100G,10 / 100 GR,161.17,16.12,https://i.postimg.cc/LX44Spf3/GA3277.jpg,OFERTA
GA3278,CUETARA DIAVOLIN 100G,10 / 100 GR,161.28,16.13,https://i.postimg.cc/V67fLVWQ/GA3278.jpg,OFERTA
GA3073,CUETARA MARIAS ROLLO,20 / 160 GR,181.84,9.09,https://i.postimg.cc/KYB3jx1X/GA3073.jpg,OFERTA
GA2065,CUETARA MATRAQUILLAS COCO,20 / 145 GR,181.71,9.09,https://i.postimg.cc/yYLmC1Zv/GA2065.jpg,DISPONIBLE
GA2064,CUETARA MATRAQUILLAS NUEZ,20 / 145 GR,181.71,9.09,https://i.postimg.cc/mghQbv3R/GA2064.jpg,DISPONIBLE
GA1462,CUETARA MATRAQUILLAS,20 / 145 GR,181.71,9.09,https://i.postimg.cc/ZKxfBzyd/GA1462.jpg,DISPONIBLE
GA3046,CUETARA MEXICANA VIT.,20 / 135 GR,181.19,9.06,https://i.postimg.cc/rFw4JBPW/GA3046.jpg,DISPONIBLE
GA1788,CUETARA NAPOLITANA SURT. 200 GR,20 / 200 GR,450.6,22.53,https://i.postimg.cc/G3PLhH2G/GA1788.jpg,DISPONIBLE
GA0930,CUETARA NAPOLITANAS CHOCOLATE,20 / 200 GR,433.23,21.66,https://i.postimg.cc/vT2kC3gS/GA0930.png,DISPONIBLE
GA0924,CUETARA NAPOLITANAS FRESA,20 / 200 GR,433.23,21.66,https://i.postimg.cc/Hk3PK1Yg/GA0924.jpg,DISPONIBLE
GA0943,CUETARA NAPOLITANAS VAINILLA 200GR,20 / 200 GR,433.23,21.66,https://i.postimg.cc/qqcMP7tL/GA0943.jpg,DISPONIBLE
GA3056,CUETARA OVALADAS 5KG,1 / 5 KG,197.34,197.34,https://i.postimg.cc/CxvYyJnY/GA3056.jpg,DISPONIBLE
GA3001,CUETARA PALMERA,20 / 166 GR,300.41,15.02,https://i.postimg.cc/cH7390W7/GA3001.jpg,DISPONIBLE
GA4021,CUETARA PAN CREMOSA 106G,14 / 106 GR,104.68,7.48,https://i.postimg.cc/vZVkS7Q3/GA4021.png,DISPONIBLE
GA1598,CUETARA PAN,20 / 150 GR,174.12,8.71,https://i.postimg.cc/5t6pRHKB/GA1598.jpg,DISPONIBLE
GA1433,DONDE AVIONES,12 / 160 GR,225.02,18.75,https://i.postimg.cc/dtYHVVDF/ga1433.jpg,OFERTA
GA1784,DONDE BIZCOCHITO 135GR,12 / 135 GR,194.32,16.19,https://i.postimg.cc/7hYXKdsZ/GA1784.jpg,OFERTA
GA4132,DONDE BIZCOCHITOS 250GR,12 / 250 GR,354.25,29.52,https://i.postimg.cc/cH6dXkGB/GA4132.jpg,OFERTA
GA1785,DONDE GLOBITOS 135GR,12 / 135 GR,194.32,16.19,https://i.postimg.cc/FRN8QfZB/GA1785.jpg,OFERTA
GA4133,DONDE GLOBITOS 250GR,12 / 250 GR,354.25,29.52,https://i.postimg.cc/s2jq0pqX/GA4133.jpg,OFERTA
GA0238,DONDE LIMON,10 / 180 GR,208.35,20.84,https://i.postimg.cc/XXSgZQnx/GA0238.jpg,OFERTA
GA0880,DONDE SODA,12 / 160 GR,204.29,17.02,https://i.postimg.cc/jqJmj1XH/GA0880.jpg,OFERTA
GA1061,DONDE SOLES,10 / 180 GR,191.69,19.17,https://i.postimg.cc/wvRf7thq/GA1061.jpg,OFERTA
GA3287,LA MODERNA MARIANITAS VAINILLA 185 GR,20 / 185 GR,236.98,11.85,https://i.postimg.cc/nV56p7KW/GA3287.jpg,DISPONIBLE
GA5821,LA MODERNA MARIAS ROLLO,20 / 170 GR,221.25,11.06,https://i.postimg.cc/FKbqh9kS/GA5821.jpg,DISPONIBLE
GE0392,GELATINA PRONTO FRAMBUESA,24 / 84 GR,337.74,14.07,https://i.postimg.cc/GpmhwRvJ/GE0392.jpg,OFERTA
GE0394,GELATINA PRONTO LIMON,24 / 84 GR,337.74,14.07,https://i.postimg.cc/63D9vGgY/GE0394.jpg,OFERTA
GE0396,GELATINA PRONTO PINA,24 / 84 GR,337.74,14.07,https://i.postimg.cc/dQyQK4ZX/GE0396.jpg,OFERTA
GE0357,GELATINA PRONTO SURTIDO,24 / 84 GR,341.31,14.22,https://i.postimg.cc/nhZh2BzW/GE0357.jpg,OFERTA
GE0398,GELATINA PRONTO UVA,24 / 84 GR,337.74,14.07,https://i.postimg.cc/ZKzbYprq/GE0398.jpg,OFERTA
GE0962,D GARI COMBINADA SURTIDA 120 GRS.,24 / 120 GR,319.28,13.3,https://i.postimg.cc/bwdNtP8X/GE0962.jpg,OFERTA
GE0920,D GARI SABOR CEREZA 120 GRS.,50 / 120 GR,601.35,12.03,https://i.postimg.cc/xCV0hbzZ/GE0923.jpg,OFERTA
GE0923,D GARI SABOR FRAMBUESA 120 GRS.,50 / 120 GR,601.35,12.03,https://i.postimg.cc/xCV0hbzZ/GE0923.jpg,OFERTA
GE0924,D GARI SABOR FRESA 120 GRS.,50 / 120 GR,601.35,12.03,https://i.postimg.cc/QMT8fqHW/GE0924.jpg,OFERTA
GE0934,D GARI SABOR PIÑA 120 GRS.,50 / 120 GR,601.35,12.03,https://i.postimg.cc/P5cfb7rn/GE0934.jpg,OFERTA
GM1412,BUBBALOO FRESA 47s,32 / 47 UNI,1473.16,46.04,https://i.postimg.cc/8cR8JZpt/GM1412.jpg,OFERTA
GM1423,CLORETS SOBRE 2s,32 / 60 UNI,1642.24,51.32,https://i.postimg.cc/nrbbhyJq/GM1423.jpg,OFERTA
GM1088,TRIDENT MENTA 4s,40 / 40 UNI,3642.06,91.05,https://i.postimg.cc/X7W6S6xv/GM1088.jpg,OFERTA
GM1430,TRIDENT XTRACARE YERBA 10s,32 / 12 UNI,2892.46,90.39,https://i.postimg.cc/mDFWRb0P/GM1430.jpg,OFERTA
HA0704,BOLA ROJA 25KG,25 / 1 KG,425.86,17.03,https://i.postimg.cc/YqdsDwqw/HA0704.jpg,OFERTA
HA0168,HAR. P/HOT CAKES GAMESA TRAD. 500GR,20 / 500 GR,654.37,32.72,https://i.postimg.cc/jj1Tp7xt/HA0168.jpg,OFERTA
HA0165,SOL DE ORO 1KG,6 / 1 KG,101.63,16.94,https://i.postimg.cc/d0rcNn78/HA0165.jpg,OFERTA
HA0408,HAR. P/HOT CAKES PRONTO 350GR,12 / 350 GR,319.42,26.62,https://i.postimg.cc/TwWxf31m/HA0408.jpg,OFERTA
HA0422,HAR. P/HOT CAKES PRONTO INST. 180GR,12 / 180 GR,317.03,26.42,https://i.postimg.cc/tRWbcJLG/HA0422.jpg,OFERTA
HA0410,HAR. P/HOT CAKES PRONTO 800GR,12 / 800 GR,527.8,43.98,https://i.postimg.cc/cCySHGtz/HA0410.jpg,OFERTA
HA0480,DUNCAN HIN. DEVIL FOOD CHOCOLATE P/PASTEL,12 / 432 GR,542.7,45.23,https://i.postimg.cc/13tbqqV9/HA0480.jpg,DISPONIBLE
HA0460,DUNCAN HIN. FRESA PARA PASTEL 432GR,12 / 432 GR,545.86,45.49,https://i.postimg.cc/15Gsz1ZR/HA0460.jpg,DISPONIBLE
HA0482,HARINA DUNCAN HIN. BUT. GOLD. P/P,12 / 432 GR,545.86,45.49,https://i.postimg.cc/kXhbRPpQ/HA0482.jpg,DISPONIBLE
HA0494,P/PASTEL BETTY CROCKER CHOC. FUDGE,12 / 375 GR,525.17,43.76,https://i.postimg.cc/kG9pzJb7/HA0494.jpg,OFERTA
HA0717,MINSA 1KG,10 / 1 KG,180.95,18.1,https://i.postimg.cc/2jFJvZsy/HA0717.jpg,DISPONIBLE
HA0701,MASECA 1KG,10 / 1 KG,187.85,18.79,https://i.postimg.cc/ZR6QwB0f/HA0701.jpg,OFERTA
HA0139,MASECA AMARILLO 1KG,10 / 1 KG,208.04,20.8,https://i.postimg.cc/25cfqgHD/HA0139.jpg,DISPONIBLE
HA0427,MASECA ANTOJITOS 1KG,10 / 1 KG,173.79,17.38,https://i.postimg.cc/nc1JH5Fd/HA0427.jpg,OFERTA
HA0446,MASECA NIXTAMALIZADO 570GR,10 / 570 GR,111.15,11.12,https://i.postimg.cc/sfc66S13/HA0446.jpg,DISPONIBLE
HP0329,BONICESSOTE MUTANTES,16 / 4 UNI,452.61,28.29,https://i.postimg.cc/cJZmXPMp/HP0329.jpg,OFERTA
HP0330,BONNIEVE  SABORES SURTIDOS,16 / 4 UNI,452.61,28.29,https://i.postimg.cc/X7JtgB7n/HP0330.jpg,OFERTA
IN0277,"H24 CITRON, PLANT E INSEC, 20%EX",12 / 372 ML,690.6,57.55,https://i.postimg.cc/wjc7YFZH/IN0277.jpg,DISPONIBLE
IN0402,H24 DOMESTICO,12 / 429 ML,630.69,52.56,https://i.postimg.cc/SjbNwzGJ/IN0402.jpg,DISPONIBLE
IN0423,H24 PODER FULMINANTE LIQ GATILLO,12 / 480 ML,865.13,72.09,https://i.postimg.cc/52qm0hjR/IN0423.jpg,DISPONIBLE
IN0278,H24 PODER TOTAL JUMBO,24 / 342 ML,2325.3,96.89,https://i.postimg.cc/SKSjSCb9/IN0278.jpg,DISPONIBLE
IN0438,BAYGON CASA Y JARDIN 226ML,12 / 226 ML,455.35,37.95,https://i.postimg.cc/2jbFvbVv/IN0438.jpg,OFERTA
IN0424,BAYGON CASA Y JARDIN 285ML,12 / 285 ML,524.63,43.72,https://i.postimg.cc/q7JxC13M/IN0424.jpg,OFERTA
IN0448,BAYGON HOGAR TOTAL 400ML,12 / 400 ML,803.22,66.94,https://i.postimg.cc/KYpB3xbJ/IN0448.jpg,OFERTA
IN0439,BAYGON PODER MORTAL 226ML,12 / 226 ML,447.96,37.33,https://i.postimg.cc/NG38xsHn/IN0439.jpg,OFERTA
IN0256,BAYGON PODER MORTAL 400ML,12 / 400 ML,745.95,62.16,https://i.postimg.cc/Vkcdh27D/IN0256.jpg,OFERTA
IN0428,BAYGON ULTRA VERDE 285ML,12 / 285 ML,591.57,49.3,https://i.postimg.cc/SKg7Lc6L/IN0428.jpg,OFERTA
IN0494,OFF FAMILY REPELENTE SPRAY 100ML,12 / 100 ml,634.08,52.84,https://i.postimg.cc/RZgY4Bh9/IN0494.jpg,OFERTA
IN0414,RAID AEROSOL CASA Y JARDIN 285ML,12 / 285 ML,777.44,64.79,https://i.postimg.cc/02fGBBxx/IN0414.jpg,OFERTA
IN0146,RAID CASA Y JARDIN 400ML,12 / 400 ML,859.94,71.66,https://i.postimg.cc/x1KbT9kw/IN0146.jpg,DISPONIBLE
IN0281,RAID CASA Y JARDIN ORANGE 400ML,12 / 400 ML,1074.29,89.52,https://i.postimg.cc/Fs9hG2TK/IN0281.jpg,DISPONIBLE
IN0230,RAID LAM.MOSQUITOS APARAT,12 / 12 UNI,782.36,65.2,https://i.postimg.cc/jSMSvnCw/IN0230.jpg,OFERTA
IN0286,RAID LAMINITAS REPUESTO,8 / 108 UNI,1157.46,144.68,https://i.postimg.cc/Pf1QmqRP/IN0286-JPG.jpg,OFERTA
IN1036,RAID MATA BICHOS 400ML,12 / 400 ML,809.11,67.43,https://i.postimg.cc/wvsytN0j/IN1036.jpg,DISPONIBLE
IN0473,RAID MATA BICHOS 285ML,12 / 285 ML,710.61,59.22,https://i.postimg.cc/GhPDJkrB/IN0473.jpg,DISPONIBLE
IN0416,RAID MAX 285 ML,12 / 280ML,795.75,66.31,https://i.postimg.cc/15WPwh84/IN0416.jpg,DISPONIBLE
IN0220,RAID MAX 400ML,12 / 400 ML,911.38,75.95,https://i.postimg.cc/ZRq9c3fm/IN0220.jpg,DISPONIBLE
IN0459,RAIDOLITO ESPIRAL LAVANDA 10s,60 / 10 UNI,1043.97,17.4,https://i.postimg.cc/j2P71f7F/IN0459.jpg,OFERTA
IN0458,RAIDOLITO ESPIRAL VERDE.10s,60 / 10 UNI,1043.97,17.4,https://i.postimg.cc/SR5ZhF3C/IN0458.jpg,OFERTA
JE1697,JUMEX BIDA FRESA 237ML,24 / 237 ML,186.82,7.78,https://i.postimg.cc/L5YT8hZt/JE1697.jpg,OFERTA
JE1893,JUMEX BIDA FRESA 500ML,12 / 500 ML,154.78,12.9,https://i.postimg.cc/CL4NLyR6/JE1893.jpg,OFERTA
JE1888,JUMEX BIDA GUAYABA 500ML,12 / 500 ML,157.94,13.16,https://i.postimg.cc/kGQybzfG/JE1888.jpg,DISPONIBLE
JE1685,JUMEX BIDA MANGO EDGE 946ML,12 / 946 ML,262.46,21.87,https://i.postimg.cc/9Q3xzPbr/JE1685.jpg,OFERTA
JE1815,JUMEX BIDA MANGO LATA 460ML,12 / 460 ML,151.74,12.65,https://i.postimg.cc/mD3MS4jb/JE1815.jpg,OFERTA
JE1689,JUMEX BIDA MANZAN EDGE 946ML,12 / 946 ML,262.46,21.87,https://i.postimg.cc/9fCJYWv2/JE1689.jpg,OFERTA
JE1694,JUMEX BIDA MANGO 237ML,24 / 237 ML,186.82,7.78,https://i.postimg.cc/qR7wW1JZ/JE1694.jpg,OFERTA
JE1887,JUMEX BIDA MANGO 500ML,12 / 500 ML,154.78,12.9,https://i.postimg.cc/0jRfrPGh/JE1887.jpg,OFERTA
JE1698,JUMEX BIDA MANZANA 237ML,24 / 237 ML,186.82,7.78,https://i.postimg.cc/5yhmY1wZ/JE1698.jpg,OFERTA
JE1894,JUMEX BIDA MANZANA 500ML,12 / 500 ML,154.78,12.9,https://i.postimg.cc/kXCsmMgb/JE1894.jpg,OFERTA
JE1687,JUMEX BIDA UVA EDGE 946ML,12 / 946 ML,262.46,21.87,https://i.postimg.cc/kgxTSVYw/JE1687.jpg,OFERTA
JE1828,JUMEX BIDA UVA LATA 460ML,12 / 460 ML,151.74,12.65,https://i.postimg.cc/6p1h7Bb9/JE1828.jpg,OFERTA
JE1696,JUMEX BIDA UVA 237ML,24 / 237 ML,186.82,7.78,https://i.postimg.cc/Kzsfbt4c/JE1696.jpg,OFERTA
JE1891,JUMEX BIDA UVA 500ML,12 / 500 ML,154.78,12.9,https://i.postimg.cc/MZV5Nfqw/JE1891.jpg,OFERTA
JE1704,JUMEX BOT DURAZNO 413ML,12 / 413 ML,187.91,15.66,https://i.postimg.cc/59XdC3B3/JE1704.jpg,DISPONIBLE
JE1706,JUMEX BOT MANGO 413ML,12 / 413 ML,187.91,15.66,https://i.postimg.cc/pV3NYFkt/JE1706.jpg,DISPONIBLE
JE1707,JUMEX BOT MANZANA 413ML,12 / 413 ML,187.91,15.66,https://i.postimg.cc/65ZkHp14/JE1707.jpg,DISPONIBLE
JE1623,JUMEX BOT MANZANA 250ML,24 / 250 ML,261.12,10.88,https://i.postimg.cc/W3jLrL7q/JE1623.jpg,DISPONIBLE
JE1708,JUMEX BOT UVA 413ML,12 / 413 ML,187.91,15.66,https://i.postimg.cc/t4HL8GLS/JE1708.jpg,DISPONIBLE
JE1683,JUMEX BRIK DURAZNO 125ML,50 / 125 ML,275.09,5.5,https://i.postimg.cc/zXHtJ2ns/JE1683.jpg,DISPONIBLE
JE1747,JUMEX BRIK DURAZNO 237ML,24 / 237 ML,236.07,9.84,https://i.postimg.cc/Nj4PV98F/JE1747.jpg,DISPONIBLE
JE1669,JUMEX BRIK MANGO 125ML,50 / 125 ML,275.54,5.51,https://i.postimg.cc/Jh5Yfybt/JE1669.jpg,DISPONIBLE
JE1682,JUMEX BRIK MANZANA 125ML,50 / 125 ML,275.86,5.52,https://i.postimg.cc/HWhv1170/JE1682.jpg,DISPONIBLE
JE1748,JUMEX BRIK MANGO 237ML,24 / 237 ML,236.04,9.83,https://i.postimg.cc/VNkHcf4R/JE1748.jpg,DISPONIBLE
JE1757,JUMEX BRIK MANZANA 237ML,24 / 237 ML,236.07,9.84,https://i.postimg.cc/pdccWw6t/JE1757.jpg,DISPONIBLE
JE1794,JUMEX ITO MANZANAS,24 / 200 ML,202.43,8.43,https://i.postimg.cc/m29Q2nJw/JE1757.jpg,DISPONIBLE
JE1795,JUMEX ITO MGO/MZNA,24 / 200 ML,202.43,8.43,https://i.postimg.cc/WpCGVVWz/JE1795.jpg,DISPONIBLE
JE1779,JUMEX LTA BOT DURAZNO 460ML,12 / 460 ML,226.37,18.86,https://i.postimg.cc/pdcBM3vW/JE1779.jpg,DISPONIBLE
JE1627,JUMEX LTA DURAZNO 335ML,24 / 335 ML,290.04,12.09,https://i.postimg.cc/Y0nJJ4BQ/JE1627.jpg,DISPONIBLE
JE1625,JUMEX LTA MANZANA 335ML,24 / 335 ML,288.37,12.02,https://i.postimg.cc/gjkCSVQY/JE1625.jpg,DISPONIBLE
JE1673,JUMEX LTA NEC MANGO 335ML,24 / 335 ML,300.46,12.52,https://i.postimg.cc/MHN97183/JE1673.jpg,DISPONIBLE
JE1727,JUMEX NEC. PIÑA COCO 960ML,12 / 960 ML,321.1,26.76,https://i.postimg.cc/c1pj8N4x/JE1727.jpg,DISPONIBLE
JE1780,JUMEX NECTAR MIXTO PIÑA-COCO LTA 460ML,12 / 460 ML,226.37,18.86,https://i.postimg.cc/1XTK6Z1x/JE1780.jpg,DISPONIBLE
JE1720,JUMEX PRISMA MANZANA 960ML,12 / 960 ML,321.1,26.76,https://i.postimg.cc/fbz1TjWY/JE1720.jpg,DISPONIBLE
JE1721,JUMEX PRISMA DURAZNO 960ML,12 / 960 ML,321.1,26.76,https://i.postimg.cc/nL3gsjMg/JE1721.jpg,DISPONIBLE
JE1723,JUMEX PRISMA MANGO 960ML,12 / 960 ML,321.1,26.76,https://i.postimg.cc/gJr53zZJ/JE1723.jpg,DISPONIBLE
JE1724,JUMEX PRISMA MANZANA 960ML,12 / 960 ML,321.1,26.76,https://i.postimg.cc/DZDNg9rc/JE1724.jpg,DISPONIBLE
JE1725,JUMEX PRISMA NARANJA 960ML,12 / 960 ML,321.1,26.76,https://i.postimg.cc/C5qQ6cJp/JE1725.jpg,DISPONIBLE
JE1726,JUMEX PRISMA PIÑA 960ML,12 / 960 ML,321.1,26.76,https://i.postimg.cc/fWtpLbsq/JE1726.jpg,DISPONIBLE
JE1729,JUMEX PRISMA UVA 960ML,12 / 960 ML,321.1,26.76,https://i.postimg.cc/TYnsVHpr/JE1729.jpg,DISPONIBLE
JE1651,JUMEX PRISMA DURAZNO 475ML,12 / 475 ML,208.1,17.34,https://i.postimg.cc/Y9tZ0Np1/JE1651.jpg,DISPONIBLE
JE1667,JUMEX PRISMA MANGO 475ML,12 / 475 ML,208.1,17.34,https://i.postimg.cc/g2RTKtjV/JE1667.jpg,DISPONIBLE
JE1652,JUMEX PRISMA PIÑACOCO 475ML,12 / 475 ML,208.1,17.34,https://i.postimg.cc/3R96vyRz/JE1652.jpg,DISPONIBLE
JE1797,JUMEX PRISMA NEC PIÑA 475ML,12 / 475 ML,202.05,16.84,https://i.postimg.cc/Kz2bznz6/JE1797.jpg,DISPONIBLE
JE1650,JUMEX PRISMA MANZANA 475ML,12 / 475 ML,208.1,17.34,https://i.postimg.cc/JhNSRYWr/JE1650.jpg,DISPONIBLE
JE1496,KERMATO TOMATE ALMEJA 950 M,12 / 950 ML,454.19,37.85,https://i.postimg.cc/3xRw4pwQ/JE1496.jpg,DISPONIBLE
JE1678,UNICO FRESCO NARANJA,12 / 960 ML,490.8,40.9,https://i.postimg.cc/QCQjv9Y6/JE1678.jpg,DISPONIBLE
JL3505,PRINCESA BARRA AZUL 80s,80 / 165 GR,573.42,7.17,https://i.postimg.cc/4xDnDyJC/JL3505.jpg,OFERTA
JL0272,PRINCESA BARRA AZUL 28s,28 / 350 GR,443.47,15.84,https://i.postimg.cc/WzwM3r1J/JL0272.jpg,OFERTA
JL0274,PRINCESA BARRA BLANCO 48s,48 / 200 GR,472,9.83,https://i.postimg.cc/HWw0BG9s/JL0274.jpg,OFERTA
JL3511,PRINCESA ESCAMAS BLANCO 250GR,30 / 250 GR,510.08,17,https://i.postimg.cc/sXzxb9BM/JL3511.jpg,OFERTA
JL3519,PRINCESA ROSA 350GR,20 / 350 GR,333.85,16.69,https://i.postimg.cc/kGx9kmKQ/JL3519.jpg,OFERTA
JL0334,PRINCESA JAB. ALOE VERA LIQ 1 LTS.,12 / 1 LT,331.58,27.63,https://i.postimg.cc/V6TNJ3vb/JL0334.jpg,OFERTA
JL0323,PRINCESA JAB LIQ FRUTOS ROJOS,8 / 805 ML,186.18,23.27,https://i.postimg.cc/3wrQgTqs/JL0323.jpg,OFERTA
JL0330,BLANCA NIEVES 400GR,25 / 400 GR,580.71,23.23,https://i.postimg.cc/FsY80WSb/JL0330.jpg,DISPONIBLE
JL0316,ZOTE AZUL  LIQ 1 LTS.,12 / 1 LT,525.48,43.79,https://i.postimg.cc/3RJH97xB/JL0316.jpg,DISPONIBLE
JL2102,ZOTE BLANCO C/ENV. 200GR,50 / 200 GR,609,12.18,https://i.postimg.cc/bYgDZqRb/JL2102.jpg,OFERTA
JL2103,ZOTE BLANCO C/ENV. 400GR,25 / 400 GR,627.83,25.11,https://i.postimg.cc/kXh2ywzg/JL2103.jpg,DISPONIBLE
JL0315,ZOTE BLANCO LIQ 1 LTS.,12 / 1 LT,525.48,43.79,https://i.postimg.cc/k41PpZVr/JL0315.jpg,DISPONIBLE
JL0332,ZOTE BLANCO LIQ 500 MLS.,12 / 500 ML,258.21,21.52,https://i.postimg.cc/KYbbktXQ/JL0332.jpg,DISPONIBLE
JL2101,ZOTE ROSA C/ENV. 200GR,50 / 200 GR,611.13,12.22,https://i.postimg.cc/BbmXkCvN/JL2101.jpg,OFERTA
JL0333,ZOTE ROSA LIQ 500 MLS.,12 / 500 ML,258.21,21.52,https://i.postimg.cc/T3gG3Cs0/JL0333.jpg,DISPONIBLE
JT1235,PALMOLIVE LIQ MANZANA GARDENIA,15 / 800 GR,1002.03,66.8,https://i.postimg.cc/PxPXNkfb/JT1235.jpg,DISPONIBLE
JT1344,PALMOLIVE N.SAND/LYC.120G,72 / 120 GR,1345.88,18.69,https://i.postimg.cc/VLwxV8y7/JT1344.jpg,DISPONIBLE
JT1346,PALMOLIVE N.OLIV/ALO.120G,72 / 120 GR,1423.57,19.77,https://i.postimg.cc/tJDnMNsz/JT1346.jpg,DISPONIBLE
JT1350,PALMOLIVE N.JALE/YOG.120G,72 / 120 GR,1423.57,19.77,https://i.postimg.cc/B6Dzmhm9/JT1350.jpg,DISPONIBLE
JT1352,PALMOLIVE N.COCO/ALG.120G,72 / 120 GR,1423.57,19.77,https://i.postimg.cc/7hkWdgRC/JT1352.jpg,DISPONIBLE
JT1354,PALMOLIVE N.LAVA/CRE.120G,72 / 120 GR,1423.52,19.77,https://i.postimg.cc/5NfrmSvT/JT1354.jpg,DISPONIBLE
JT1356,PALMOLIVE N.MENT/EUC.120G,72 / 120 GR,1423.52,19.77,https://i.postimg.cc/XYJDRNsg/JT1356.jpg,DISPONIBLE
JT1358,PALMOLIVE N.YOGH/FRU.120G,72 / 120 GR,1424.06,19.78,https://i.postimg.cc/7LJtLs8G/JT1358.jpg,DISPONIBLE
JT1360,PALMOLIVE N.FRU/COCO.120G,72 / 120 GR,1422.48,19.76,https://i.postimg.cc/9MGxdDfc/JT1360.jpg,DISPONIBLE
JT1368,PALMOLIVE N.OLIV/ALO.120G 8PK,64 / 960 GR,801.03,12.52,https://i.postimg.cc/Xqt0rZ14/JT0995.jpg,OFERTA
JT1369,PALMOLIVE N.BA.DERM.800G 8PK,96 / 800 GR,1232.3,12.84,https://i.postimg.cc/VNDmRGpb/JT1369.jpg,OFERTA
JT1413,PALMOLIVE N.MAND. ROMERO 120GR,72 / 120 GR,1424.06,19.78,https://i.postimg.cc/XN91KwB0/JT1413.jpg,DISPONIBLE
JT1396,PALMOLIVE NEUTRO BALANCE 180GR,72 / 180 GR,1670.81,23.21,https://i.postimg.cc/zGcd5S8H/JT1396.jpg,OFERTA
JT1228,PALMOLIVE LIQ CEREZO ROSA,12 / 221 ML,287.27,23.94,https://i.postimg.cc/8cTr40z5/JT1228.jpg,OFERTA
JT1407,PALMOLIVE NEUTRO DERMO 3PACK,96 / 3 UNI,1537.26,16.01,https://i.postimg.cc/6Q05P52q/JT1407.jpg,DISPONIBLE
JT1388,CAPRICE JEB. CITRUS 100GR,48 / 100 GR,561.19,11.69,https://i.postimg.cc/0y7NpC9p/JT1388.jpg,DISPONIBLE
JT1802,TEPEYAC AMARILLO 150GR,40 / 150 GR,455.14,11.38,https://i.postimg.cc/ZRmhxKX4/JT1287.jpg,OFERTA
JT1287,TEPEYAC AMARILLO 200GR,30 / 200 GR,455.14,15.17,https://i.postimg.cc/ZRmhxKX4/JT1287.jpg,OFERTA
JT1288,TEPEYAC ROSA 200GR,30 / 200 GR,455.14,15.17,https://i.postimg.cc/Rhc6bFZN/JT1288.jpg,OFERTA
JT1289,TEPEYAC VERDE 200GR,30 / 200 GR,455.14,15.17,https://i.postimg.cc/9FYwdrSH/JT1289.jpg,OFERTA
JT1290,TEPEYAC LILA 200GR,30 / 200 GR,455.14,15.17,https://i.postimg.cc/Vk7Sh2mV/JT1290.jpg,OFERTA
JT0485,TERSSO,240 / 25 GR,517.98,2.16,https://i.postimg.cc/FHG0FkvT/JT0485.jpg,DISPONIBLE
JT1278,ROSA VENUS AVENA 150GR,40 / 150 GR,471.4,11.79,https://i.postimg.cc/1tnSscMJ/JT1278.jpg,OFERTA
JT1291,ROSA VENUS ANTIBACTERIAL,40 / 150 GR,471.4,11.79,https://i.postimg.cc/C1sgLpJG/JT1291.jpg,OFERTA
JT1702,ROSA VENUS ROSA 150GR,40 / 150 GR,471.4,11.79,https://i.postimg.cc/W3zjfmcY/JT1702.jpg,OFERTA
JT1703,ROSA VENUS ROSA 100GR,60 / 100 GR,469.72,7.83,https://i.postimg.cc/26tmpqzk/JT1703.jpg,OFERTA
JT1708,ROSA VENUS BLANCO,40 / 150 GR,471.4,11.79,https://i.postimg.cc/4yhGXJdz/JT1708.jpg,OFERTA
JT1701,ROSA VENUS ROSA 200 GRS.,30 / 200 GR,471.4,15.71,https://i.postimg.cc/d1rRwBw4/JT1701.jpg,OFERTA
JT1275,ROSA VENUS LIQ P/MANOS Y CUERPO 300 ML,10 / 300 ML,192.36,19.24,https://i.postimg.cc/CLWS0Wcz/JT1275.jpg,OFERTA
JT1415,OSO CEREZA P/MANOS,12 / 500 ML,302.2,25.18,https://i.postimg.cc/9fMZDXFC/JT1415.jpg,OFERTA
JT1416,OSO COCO P/MANOS,12 / 500 ML,302.2,25.18,https://i.postimg.cc/prDnwpkY/JT1416.jpg,OFERTA
JT1417,OSO DURAZNO P/MANOS,12 / 500 ML,302.2,25.18,https://i.postimg.cc/rwytHy4x/JT1417.jpg,OFERTA
JT1410,ESCUDO AZUL 135GR,72 / 135 GR,1006.53,13.98,https://i.postimg.cc/d09Wz4gm/JT1410.jpg,DISPONIBLE
JT1408,ESCUDO BLANCO 135GR,72 / 135 GR,1012.28,14.06,https://i.postimg.cc/XJ3K0QV0/JT1408.jpg,DISPONIBLE
JT1411,ESCUDO BARRA FRESCURA 135,72 / 135 GR,1012.28,14.06,https://i.postimg.cc/76YBDSkv/JT1411.jpg,DISPONIBLE
JT1409,ESCUDO ROSA 135GR,72 / 135 GR,1012.28,14.06,https://i.postimg.cc/Y9QcPdy3/JT1409.jpg,DISPONIBLE
JT0383,HUGGIES BEBE RELAJ. 80GR,48 / 80 GR,704.33,14.67,https://i.postimg.cc/4yx36h1c/JT0383.jpg,DISPONIBLE
JT1435,BLUMEN KIWI GREEN APPLE,72 / 125 GR,867.29,12.05,https://i.postimg.cc/gJ6nz51k/JT1435.jpg,DISPONIBLE
JT1437,BLUMEN MIXED BERRIES BARRA /125GR,72 / 125 GR,867.29,12.05,https://i.postimg.cc/VNX0Y5CZ/JT1437.jpg,DISPONIBLE
JT1281,LIRIO B&S F BOSQUE 150GR,50 / 150 GR,873.76,17.48,https://i.postimg.cc/B6r06LVs/JT1281.jpg,DISPONIBLE
JT0386,LIRIO JABON HOTELERO,200 / 20 GR,680.98,3.4,https://i.postimg.cc/Xq1YQ72z/JT0386.jpg,DISPONIBLE
JT1327,ZEST AQUA CON GLICERINA Y VITAMINA E.,72 / 135 GR,1086.53,15.09,https://i.postimg.cc/xdN7sVPh/JT1327.jpg,DISPONIBLE
JT1397,ZEST AQUA 8PACK,6 / 8 UNI,681.71,113.62,https://i.postimg.cc/Xq3M69R0/JT1397.jpg,DISPONIBLE
JT1343,DOVE JABON BLANCO 90G,48 / 90 GR,953.83,19.87,https://i.postimg.cc/MZ1k5GLM/JT1343.jpg,DISPONIBLE
LE1495,LALA DESLACTOSADA ULTRAEDGE 1 LTS.,12 / 1 LT,337.08,28.09,https://i.postimg.cc/d1PFQZXF/LE1495.jpg,OFERTA
LE1055,PRONTO CONDENSADA 380GR,24 / 380 GR,605.45,25.23,https://i.postimg.cc/XJ12j0S2/LE1055.jpg,OFERTA
LE2212,ALPURA DESLACTOSADA,12 / 1 LT,311.62,25.97,https://i.postimg.cc/HxZ6LjYr/LE2212.jpg,OFERTA
LE1453,NIDO FORTICRECE 2.04KG,6 / 2.04 KG,1883.28,313.88,https://i.postimg.cc/JzY48nM7/LE1453.jpg,DISPONIBLE
LE0626,NIDO KINDER 1+PREBIO 1 800GR,12 / 800 GR,1879.83,156.65,https://i.postimg.cc/50xzry34/LE0626.jpg,DISPONIBLE
LE0832,COFFE MATE 311GR,12 / 311 GR,695.68,57.97,https://i.postimg.cc/Wzzk2yCx/LE0832.jpg,DISPONIBLE
LE1158,COFFE MATE 160GR,12 / 160 GR,443.16,36.93,https://i.postimg.cc/4x6mTZnm/LE1158.jpg,DISPONIBLE
LE1122,COFFE MATE SOBRE 34GR,9 / 10 UNI,688.18,76.46,https://i.postimg.cc/gc7wVNfk/LE1122.jpg,OFERTA
LE1386,NAN 1 OPTIPRO LATA 320G,12 / 320 GR,2074.51,172.88,https://i.postimg.cc/02dbTPzr/LE1386.jpg,DISPONIBLE
LE1387,NAN 2 OPTIPRO LATA 320G,12 / 320 GR,1899.83,158.32,https://i.postimg.cc/qv1g7wXT/le1387.jpg,DISPONIBLE
LE1284,NESTLE CARNATION ABRE FACIL.360G,48 / 360 GR,1092.44,22.76,https://i.postimg.cc/FKPS2mn0/LE1284.jpg,DISPONIBLE
LE0443,NESTLE LA LECHERA CHIQUITA,48 / 100 GR,495.96,10.33,https://i.postimg.cc/pXPWcGzT/LE0443.jpg,OFERTA
LE1391,NESTLE LA LECHERA 375GR,48 / 375 GR,1463.38,30.49,https://i.postimg.cc/jj95HjF3/LE1391.jpg,DISPONIBLE
LE1501,NESTLE MEDIA CREMA 225G,24 / 225 ML,490.18,20.42,https://i.postimg.cc/W4JjPw5S/LE1501.jpg,DISPONIBLE
LE0977,NUTRI RINDES 240GR,36 / 240 GR,1119.19,31.09,https://i.postimg.cc/rm0fvbcG/LE0977.jpg,OFERTA
LE1052,NUTRI RINDES 120GR,12 / 120 GR,177.03,14.75,https://i.postimg.cc/63mhchv7/LE1052.jpg,OFERTA
LI1110,FLASH BRISA MARINA 500ML,20 / 500 ML,227.23,11.36,https://i.postimg.cc/FHy8bCCM/LI1110.jpg,OFERTA
LI1174,FLASH BRISA MARINA 828ML,12 / 828 ML,182.84,15.24,https://i.postimg.cc/J0jGRqF3/LI1174.jpg,OFERTA
LI0977,FLASH FLORAL 3.78LT,6 / 3.7 LT,353.82,58.97,https://i.postimg.cc/nL7z1xfH/LI0977.jpg,DISPONIBLE
LI1072,FLASH FLORAL 828ML,12 / 828 ML,182.84,15.24,https://i.postimg.cc/cLyPnGh7/LI1072.jpg,OFERTA
LI1121,FLASH FLORAL 500ML,20 / 500 ML,227.23,11.36,https://i.postimg.cc/KzYPG8hk/LI1121.jpg,OFERTA
LI1071,FLASH LAVANDA 828ML,12 / 828 ML,182.65,15.22,https://i.postimg.cc/TYWZ13VY/LI1071.jpg,OFERTA
LI1127,FLASH LAVANDA 500ML,20 / 500 ML,227.23,11.36,https://i.postimg.cc/25CJ0dPV/LI1127.jpg,OFERTA
LI1219,FLASH LAVANDA+3 BOT GRT 828 MLS.,15 / 828 ML,185.09,12.34,https://i.postimg.cc/GtHhtx0G/LI1219.jpg,OFERTA
LI1075,FLASH NUBES DE ALGODÓN 828ML,12 / 828 ML,173.39,14.45,https://i.postimg.cc/0Nj19Dcg/LI1075.jpg,OFERTA
LI0308,SULTAN ACIDO 400ML,20 / 400 ML,322.78,16.14,https://i.postimg.cc/wMwZwbBJ/LI0308.jpg,DISPONIBLE
LI0794,PINOL AROMAS MARINO 2L,8 / 2 LT,412.8,51.6,https://i.postimg.cc/m2NymxRy/LI0794.jpg,DISPONIBLE
LI0795,PINOL AROMAS LAVANDA 2L,8 / 2 LT,412.8,51.6,https://i.postimg.cc/2S0Ff41q/LI0795.jpg,DISPONIBLE
LI0797,PINOL AROMAS FLORAL 2L,8 / 2 LT,412.8,51.6,https://i.postimg.cc/Jht37GXp/LI0797.jpg,DISPONIBLE
LI0879,PINOL AROMAS FLORAL +20% GR 1LT,12 / 1 LT,288.48,24.04,https://i.postimg.cc/XYYdxpsn/LI0879.jpg,OFERTA
LI1025,PINOL AROMAS MARINO +20% GR 1LT,12 / 1 LT,308.87,25.74,https://i.postimg.cc/50gfPN7M/LI1025.jpg,DISPONIBLE
LI1027,PINOL AROMAS LAVANDA +20% GR 1L,12 / 1 LT,308.87,25.74,https://i.postimg.cc/2y5rgRML/LI1027.jpg,DISPONIBLE
LI1026,PINOL AROMAS FRUTAL+20% GRT 1LT,12 / 1 LT,308.87,25.74,https://i.postimg.cc/RVzWXk3F/LI1026.jpg,DISPONIBLE
LI0691,PINOL AROMAS LAVANDA 828ML,12 / 828 ML,277.61,23.13,https://i.postimg.cc/ZnLpgF9F/LI0691.jpg,OFERTA
LI0693,PINOL AROMAS FLORAL 828ML,12 / 828 ML,277.61,23.13,https://i.postimg.cc/cCJLxQ9z/LI0693.jpg,OFERTA
LI0694,PINOL AROMAS FRUTAL 828ML,12 / 828 ML,277.61,23.13,https://i.postimg.cc/L5hmKmhs/LI0694.jpg,OFERTA
LI0695,PINOL AROMAS THERAPY RELAX 828ML,12 / 828 ML,277.61,23.13,https://i.postimg.cc/gkvN1XyR/LI0695.jpg,OFERTA
LI0697,PINOL AROMAS THERAPY FRESH 828ML,12 / 828 ML,277.61,23.13,https://i.postimg.cc/x15gTw41/LI0697.jpg,OFERTA
LI0841,PINOL AROMAS MIX 828ML,12 / 828 ML,277.61,23.13,https://i.postimg.cc/SssBjD4X/LI0841.jpg,OFERTA
LI1170,PINOL AROMAS FLORAL 500 ML,12 / 500 ML,230.29,19.19,https://i.postimg.cc/VNZ4K588/LI1170.jpg,DISPONIBLE
LI1171,PINOL AROMAS LAVANDA 500ML,12 / 500 ML,230.29,19.19,https://i.postimg.cc/QMd0g1v4/LI1171.jpg,DISPONIBLE
LI1172,PINOL AROMAS MARINO 500ML,12 / 500 ML,230.29,19.19,https://i.postimg.cc/13PWtLBq/LI1172.jpg,DISPONIBLE
LI1220,PINOL AROMA FLORAL+3 BOT GRT 828 MLS.,15 / 828 ML,292.03,19.47,https://i.postimg.cc/bJ6wqF5P/LI1220.jpg,OFERTA
LI0682,PINOL COCINA ANTIGRASA 650ML,12 / 650 ML,672.86,56.07,https://i.postimg.cc/mgyp1ztR/LI0682.jpg,DISPONIBLE
LI1022,PINOL FRAG FINAS DULCE AMANECER 828ML,12 / 828 ML,345.12,28.76,https://i.postimg.cc/VNjfCFXv/LI1022.jpg,DISPONIBLE
LI1023,PINOL FRAG FINAS INTENSO ATARDECER 828ML,12 / 828 ML,345.12,28.76,https://i.postimg.cc/hjcSb70r/LI1023.jpg,DISPONIBLE
LI1044,PINOL FRAG FINAS FRES NOC 828ML,12 / 250 ML,345.12,28.76,https://i.postimg.cc/GpJR2m1s/LI1044.jpg,DISPONIBLE
LI1221,PINOL ORIG+3 BOT GRT 828 MLS.,15 / 828 ML,303.28,20.22,https://i.postimg.cc/bJYvcj3G/LI1221.jpg,OFERTA
LI0444,PINOL REG 9LT,9 / LT,218.42,24.27,https://i.postimg.cc/3J6cH5z5/LI0444.jpg,DISPONIBLE
LI0687,PINOL REG PRECIO ESPECIAL 1LT,12 / 1 LT,299.22,24.94,https://i.postimg.cc/fRvW92G1/LI0687.jpg,OFERTA
LI1010,PINOL REG 1.8LT,12 / 1.8 LT,619.2,51.6,https://i.postimg.cc/9FMQnZHg/LI1010.jpg,DISPONIBLE
LI1733,PINOL REG 3.785 LTS.,6 / 3.7 LT,659.71,109.95,https://i.postimg.cc/mhxpC7YZ/LI1733.jpg,DISPONIBLE
LI0446,PINOL REG 250ML,20 / 250 ML,217.51,10.88,https://i.postimg.cc/R0xpN1Mg/LI0446.jpg,DISPONIBLE
LI1029,PINOL REG 828 ML,12 / 828 ML,294.82,24.57,https://i.postimg.cc/v8PQfTxr/LI1029.jpg,OFERTA
LI1047,PINOL REPELENTE ACEITE DE PINO 828 ML,12 / 828 ML,373.61,31.13,https://i.postimg.cc/QtfrQYC8/LI1047.jpg,DISPONIBLE
LI1061,PINOL REPELENTE ACEITE DE PINO 500ML,12 / 500 ML,253.78,21.15,https://i.postimg.cc/QtfrQYC8/LI1047.jpg,DISPONIBLE
LI1153,PINOL REG 500ML + 2GRT,22 / 500 ML,369.13,16.78,https://i.postimg.cc/CLYhVZdJ/LI1153.jpg,OFERTA
LI1705,PINOL REG 500ML,20 / 500 ML,358.77,17.94,https://i.postimg.cc/2ybnW96C/LI1705.jpg,OFERTA
LI0609,CLORALEX BAÑOS 650ML,12 / 650 ML,644.5,53.71,https://i.postimg.cc/zBcnR5Cq/LI0609.jpg,DISPONIBLE
LI0669,CLORALEX BAÑOS ANTI SARRO 650ML,12 / 650 ML,644.5,53.71,https://i.postimg.cc/DwTYzdfB/LI0669.jpg,DISPONIBLE
LI1088,POETT AIRES TROPICALES 900ML,12 / 900 ML,216.8,18.07,https://i.postimg.cc/tChgk9rJ/LI1088.jpg,OFERTA
LI0866,POETT ALEGRA TU DIA 1.8LT,8 / 1.8 LT,268.61,33.58,https://i.postimg.cc/sf5Y2FBC/LI0866.jpg,DISPONIBLE
LI0865,POETT ALEGRA TU DIA 900ML,12 / 900 ML,216.8,18.07,https://i.postimg.cc/GtnvjK5f/LI0865.jpg,OFERTA
LI1168,POETT ALEGRA TU DIA 500ML,15 / 500 ML,190.21,12.68,https://i.postimg.cc/bN9KSjVh/LI1168.jpg,DISPONIBLE
LI2817,POETT BEBE 900ML,12 / 900 ML,216.8,18.07,https://i.postimg.cc/63Fxb2rg/LI2817.jpg,OFERTA
LI0850,POETT CAJA MIXTA 900ML,12 / 900 ML,216.8,18.07,https://i.postimg.cc/zBgnW60W/LI0850.jpg,OFERTA
LI0940,POETT ESPIRITU PLAY 900ML,12 / 900 ML,216.8,18.07,https://i.postimg.cc/90crMnSc/LI0940.jpg,OFERTA
LI1167,POETT FLORES DE PRIMAVERA 500ML,15 / 500 ML,190.21,12.68,https://i.postimg.cc/bNh7vvT4/LI1167.jpg,DISPONIBLE
LI1087,POETT FRESCO DESPERTAR 900ML,12 / 900 ML,216.8,18.07,https://i.postimg.cc/HnMkfmdS/LI1087.jpg,OFERTA
LI2822,POETT LAVANDA 1.8LT,8 / 1.8 LT,268.61,33.58,https://i.postimg.cc/kXQPw5BY/LI2822.jpg,DISPONIBLE
LI2809,POETT LAVANDA EUCAL. MENTA 900ML,12 / 900 ML,216.8,18.07,https://i.postimg.cc/638NhLvC/LI2809.jpg,OFERTA
LI0754,POETT PRIMAVERA 4 LTS.,6 / 4 LT,394.32,65.72,https://i.postimg.cc/GpSQvkr0/LI0754.jpg,DISPONIBLE
LI2821,POETT PRIMAVERAL 1.8LT,8 / 1.8 LT,268.61,33.58,https://i.postimg.cc/15hZpF5N/LI2821.jpg,DISPONIBLE
LI1076,POETT SUAVIDAD DE ALGODÓN 4LT,6 / 4 LT,394.32,65.72,https://i.postimg.cc/YS9JCdFr/LI1076.jpg,DISPONIBLE
LI1166,POETT SUAVIDAD DE ALGODÓN 500ML,15 / 500 ML,190.21,12.68,https://i.postimg.cc/X7bRvv8c/LI1166.jpg,DISPONIBLE
LI2819,POETT SUAVIDAD ALGODON 900ML,12 / 900 ML,216.8,18.07,https://i.postimg.cc/Fzc5MrGR/LI2819.jpg,OFERTA
LI1162,CLOROX FRUTOS CITRICOS 1.89LT,8 / 1.89 LT,213.57,26.7,https://i.postimg.cc/wxLKHNhD/LI1162.jpg,DISPONIBLE
LI1163,CLOROX FRUTOS CITRICOS 3.8LT,6 / 3.8 LT,286.45,47.74,https://i.postimg.cc/WbPcWs4Z/LI1163.jpg,DISPONIBLE
LI1164,CLOROX LAVANDA/JAZMIN 1.89LT,8 / 1.89 LT,213.57,26.7,https://i.postimg.cc/BQc9RRLf/LI1164.jpg,DISPONIBLE
LI1165,CLOROX LAVANDA/JAZMIN 3.8LT,6 / 3.8 LT,286.45,47.74,https://i.postimg.cc/CxhT0Jkq/LI1165.jpg,DISPONIBLE
LI0566,AJAX AMONIA,12 / 1 LT,571.59,47.63,https://i.postimg.cc/DwkPg2tZ/LI0566.jpg,DISPONIBLE
LI0131,AJAX BICLORO,48 / 388 GR,1802.67,37.56,https://i.postimg.cc/d35gChWL/LI0131.jpg,DISPONIBLE
LI0472,FABULOSO LAVANDA 1LT,12 / 1 LT,342.9,28.58,https://i.postimg.cc/fyyB6BKR/LI0472.jpg,OFERTA
LI0473,FABULOSO MAR FRESCO 1LT,12 / 1 LT,342.9,28.58,https://i.postimg.cc/vTK3MfqL/LI0473.jpg,OFERTA
LI0474,FABULOSO PASION FRUTAS 1LT,12 / 1 LT,342.9,28.58,https://i.postimg.cc/7PtBgrHG/LI0474.jpg,OFERTA
LI0475,FABULOSO FRESCO AMANEC1LT,12 / 1 LT,342.9,28.58,https://i.postimg.cc/rFdfjZsh/LI0475.jpg,OFERTA
LI0476,FABULOSO ENERGIA NARANJA 1LT,12 / 1 LT,342.9,28.58,https://i.postimg.cc/L6rNbkZm/LI0476.jpg,OFERTA
LI0479,FABULOSO ALTERNATIVA CLORO 1LT,12 / 1 LT,342.9,28.58,https://i.postimg.cc/g28NFwv8/LI0479.jpg,OFERTA
LI0572,FABULOSO LAVANDA 2LT,6 / 2 LT,410.31,68.39,https://i.postimg.cc/Qx4WgSG8/LI0572.jpg,DISPONIBLE
LI0574,FABULOSO MAR FRESCO 2LT,6 / 2 LT,410.31,68.39,https://i.postimg.cc/ZKKdy2Qs/LI0574.jpg,DISPONIBLE
LI0576,FABULOSO PASION FRUTAS 2LT,6 / 2 LT,410.31,68.39,https://i.postimg.cc/vZCgkBZC/LI0576.jpg,DISPONIBLE
LI1064,FABULOSO BRISA PRIMAVERAL 1LT,12 / 1 LT,342.9,28.58,https://i.postimg.cc/7h1q24tg/LI1064.jpg,OFERTA
LI0469,FABULOSO LAVANDA 500ML,24 / 500 ML,450.73,18.78,https://i.postimg.cc/yNhQ9Jxs/LI0469.jpg,OFERTA
LI0470,FABULOSO MAR FRESCO 500ML,24 / 500 ML,450.73,18.78,https://i.postimg.cc/xC0sP0NH/LI0470.jpg,OFERTA
LI0471,FABULOSO FRESCO AMANER 500ML,24 / 500 ML,450.73,18.78,https://i.postimg.cc/B6MmYd2z/LI0471.jpg,OFERTA
LI1065,MAESTRO LIMPIO LAVANDA LIQ 1LT,12 / 1 LT,303.21,25.27,https://i.postimg.cc/44Q025zf/LI1065.jpg,OFERTA
LI1066,MAESTRO LIMPIO LIQ LIMON,12 / 1 LT,337.07,28.09,https://i.postimg.cc/VL7VmkG2/LI1066.jpg,DISPONIBLE
LI1081,MAESTRO LIMPIO FLORAL,3 / 5 LT,302.75,100.92,https://i.postimg.cc/prFBksT0/LI1081.jpg,DISPONIBLE
LI1082,MAESTRO LIMPIO LIQ FRESCURA NATURAL,3 / 5 LT,306.53,102.18,https://i.postimg.cc/2SmxFFfw/LI1082.jpg,DISPONIBLE
LI1099,PINOSO DESINFECTANTE PINO,12 / 980 ML,234.28,19.52,https://i.postimg.cc/65t776Yg/LI1099.jpg,DISPONIBLE
LI2701,ACIDO ALAMO MURIATEX 220ML,24 / 220 ML,325.93,13.58,https://i.postimg.cc/FHvNQLMQ/LI2701.jpg,DISPONIBLE
LI0639,ACEITE ROJO 3 EN 1,12 / 480 ML,1269.53,105.79,https://i.postimg.cc/YS8Bd4SK/LI0432.jpg,DISPONIBLE
LI1057,HARPIC ACUATICO WHITE&SHINE 4+1 PAST GRT 45GR,12 / 5 UNI,839.59,69.97,https://i.postimg.cc/rwTT71d7/LI1057.jpg,DISPONIBLE
LI0723,LYSOL DESINF. PURE CITRUS 820ML,14 / 820 ML,343.68,24.55,https://i.postimg.cc/rpFkwqNQ/LI0723-JPG.jpg,DISPONIBLE
LI0721,LYSOL DESINF. PURE MARINE 820 MLS.,14 / 820 ML,343.68,24.55,https://i.postimg.cc/8P1dgM3Y/LI0721.jpg,DISPONIBLE
LI0703,MR MUSCULO DRANO LIQUIDO,12 / 946 ML,1419.88,118.32,https://i.postimg.cc/nhSnq8wT/LI0703.jpg,DISPONIBLE
LI4104,PLEDGE MADERAS AERO 333GR,12 / 333 GR,959.18,79.93,https://i.postimg.cc/jSR01rfx/LI4104.jpg,DISPONIBLE
LI1206,PLEDGE NARANJA AC. RENOV. MADERA Y CUERO 500 MLS.,12 / 500 ML,1396.92,116.41,https://i.postimg.cc/nL3rJstm/LI1206.jpg,DISPONIBLE
LI2371,ACIDO MURIATICO GARY,12 / 1 LT,197.01,16.42,https://i.postimg.cc/zXK8MjPj/LI2371.jpg,OFERTA
MA0410,INCA MANTECA VEGETAL 250GR,48 / 250 GR,1187.85,24.75,https://i.postimg.cc/xjmwTdyj/MA0410.jpg,DISPONIBLE
MA0102,INCA MANTECA VEGETAL 1KG,12 / 1 KG,939.98,78.33,https://i.postimg.cc/TwzBJ8GX/MA0102.jpg,DISPONIBLE
ME0506,DEL MONTE MERM. FRESA 270GR,24 / 270 GR,640.49,26.69,https://i.postimg.cc/pd90G0sV/ME0506.jpg,DISPONIBLE
ME0502,DEL MONTE MERM. FRESA 470 GRS.,12 / 470 ML,477.52,39.79,https://i.postimg.cc/VsDKJsvr/ME0502.jpg,DISPONIBLE
ME0188,MCC MERM. FRESA No.8 270GR,12 / 270 GR,298.55,24.88,https://i.postimg.cc/Px5BrQRt/ME0188.jpg,OFERTA
ME0145,M.C. MERM. FRESA 165GR,12 / 165 GR,221.97,18.5,https://i.postimg.cc/MTQFTsB3/ME0145.jpg,OFERTA
ME0156,M.C. MERM. FRESA 450GR,12 / 450 GR,491.05,40.92,https://i.postimg.cc/L5kQknNz/ME0156.jpg,OFERTA
ME0134,CLEMENTE J. FRESA 270GR,24 / 270 GR,584.02,24.33,https://i.postimg.cc/Pqdyz1NL/ME0134.jpg,OFERTA
MO0154,DOÑA MARIA MOLE LIQ 360GR,21 / 360 GR,432.14,20.58,https://i.postimg.cc/595sRQSz/MO0154.jpg,OFERTA
MO0305,DOÑA MARIA MOLE ROJO 125G,24 / 125 GR,576.11,24,https://i.postimg.cc/P57ywWTg/MO0305.jpg,OFERTA
MO0323,DOÑA MARIA MOLE ROJO 235GR,24 / 235 GR,1003.86,41.83,https://i.postimg.cc/QdCSC4Gg/MO0323.jpg,OFERTA
MS0126,M.C. MOSTAZA NO. 4 115GR,24 / 115 GR,269.89,11.25,https://i.postimg.cc/4d6QqjVG/MS0126.jpg,OFERTA
MS0505,M.C. MOSTAZA NO. 8 210GR,24 / 210 GR,400.72,16.7,https://i.postimg.cc/ZRMLSgH3/MS0505.jpg,OFERTA
MY1817,LA COSTEÑA ADEREZO 420GR,12 / 420 GR,286.92,23.91,https://i.postimg.cc/1zPtMTmw/MY1817.jpg,DISPONIBLE
MY0737,LA COSTEÑA ADEREZO 110GR,24 / 110 GR,268.95,11.21,https://i.postimg.cc/GhCnVgTZ/MY0737.jpg,DISPONIBLE
MY0587,M.C. ADEREZO CHIPOTLE 215GR,12 / 215 GR,274.45,22.87,https://i.postimg.cc/fykkm9wP/MY0587.jpg,OFERTA
MY0308,M.C. ENSAL. PILON 504GR,12 / 504 GR,451.94,37.66,https://i.postimg.cc/JnLbNKg2/MY0308.jpg,OFERTA
MY0318,M.C. ENSAL. 775GR,12 / 775 GR,768.41,64.03,https://i.postimg.cc/DZP1BL3y/MY0318.jpg,OFERTA
MY0383,M.C. ENSAL. N. 4 110GR,24 / 110 GR,317.74,13.24,https://i.postimg.cc/FKjSH3Rg/MY0383.jpg,OFERTA
MY0724,M.C. ENSAL. +20% 252GR,24 / 252 GR,502.41,20.93,https://i.postimg.cc/0NZfCDWr/MY0724.jpg,OFERTA
MY0754,M.C. ENSAL. NO.64 1.8K,6 / 1.8 KG,758.49,126.42,https://i.postimg.cc/Xqpk872S/MY0754.jpg,OFERTA
MY0509,M.C. ENSAL. PREC. ESP. 3.8KG,4 / 1 UNI,827.65,206.91,https://i.postimg.cc/90NRnB8V/MY0509.jpg,OFERTA
MY0510,M.C. LIGHT LIMON 210GR,24 / 210 GR,679,28.29,https://i.postimg.cc/kMjbGnnZ/MY0510.jpg,DISPONIBLE
MY0384,M.C. LIMON 105GR,24 / 105 GR,412.19,17.17,https://i.postimg.cc/RF4H6hJr/MY0384.jpg,OFERTA
MY0585,M.C. LIMON P.ESP. 725GR,12 / 775 GR,851.54,70.96,https://i.postimg.cc/Y923vxYS/MY0585.jpg,OFERTA
MY0714,M.C. LIMON NO. 16 390GR,12 / 390 GR,568.11,47.34,https://i.postimg.cc/HnKn2knk/MY0714.jpg,OFERTA
MY0717,M.C. LIMON NO. 8 190GR,24 / 190 GR,646.98,26.96,https://i.postimg.cc/BZwjsMpf/MY0717.jpg,OFERTA
MY0322,M.C. LIMON 1.4KG,6 / 1.4 KG,820.14,136.69,https://i.postimg.cc/FzP3QvKM/MY0322.jpg,OFERTA
MY0570,M.C. LIMON 2.8KG,4 / 2.8 KG,952.4,238.1,https://i.postimg.cc/pTspmZt8/MY0570.jpg,OFERTA
PB0456,TOALL. HUM. BBTIPS REFILL 66S,12 / 66 UNI,414.29,34.52,https://i.postimg.cc/NfrsY5LL/PB0456.jpg,OFERTA
PB0420,TALCO MENNEN AZUL 100 GR,24 / 100 GR,1274.73,53.11,https://i.postimg.cc/rpQ8jwY2/PB0420.jpg,DISPONIBLE
PB0423,TALCO MENEN BABY MAGIC AZ 200G,24 / 200 GR,2264.71,94.36,https://i.postimg.cc/xCZ9rF2s/PB0423.jpg,DISPONIBLE
PB0424,TALCO MENEN BABY MAGIC RO 200G,24 / 200 GR,2264.71,94.36,https://i.postimg.cc/Rhn4vQCv/PB0424.jpg,DISPONIBLE
PB0106,TOALL. HUM. DEPEND PROT,18 / 42 UNI,732.3,40.68,https://i.postimg.cc/SsxKbMzK/PB0106.jpg,DISPONIBLE
PB0631,TOALL. HUM. HUGGIES NAT.C/AROMA 80S,18 / 80 UNI,807.04,44.84,https://i.postimg.cc/VvMvKcC9/PB0631.jpg,DISPONIBLE
PB0706,TOALL. HUM. KBB KIMBIES DZO/ALO 90s,24 / 90 UNI,435.75,18.16,https://i.postimg.cc/d1ZV0K4M/PB0706.jpg,DISPONIBLE
PB0710,TOALL. HUM. KBB HUGGIES SUPREME 80s,18 / 80 UNI,989.28,54.96,https://i.postimg.cc/brQYQH73/PB0710.jpg,DISPONIBLE
PB0728,TOALL. HUM. KBB SUAVELASTIC 80PZ,24 / 80 UNI,602.65,25.11,https://i.postimg.cc/jSPRrQM4/PB0728.jpg,DISPONIBLE
PB0441,BIBERON DREAMS 120 ML,24 / 1 UNI,367.54,15.31,https://i.postimg.cc/YqgTdf28/PB0441.jpg,DISPONIBLE
PB0479,BIBERON EVENFLO COLORS 120ML,24 / 1 UNI,408.95,17.04,https://i.postimg.cc/zD9RKxgS/PB0479.jpg,DISPONIBLE
PB0615,BIBERON DREAMS 240ML,24 / 1 UNI,431.86,17.99,https://i.postimg.cc/HktcGHPB/PB0615.jpg,DISPONIBLE
PB0790,BABY SOFT KITTY MY MELODY-KUROMII.,18 / 80 UNI,445.05,24.73,https://i.postimg.cc/HWzRCtNQ/PB0790.jpg,DISPONIBLE
PB0792,BABY SOFT KITTY Y KEROPPI,18 / 80 UNI,445.05,24.73,https://i.postimg.cc/wTBPxmKn/PB0792.jpg,DISPONIBLE
PB0767,HUGGIES CIUDADO PURO 80UNI.,18 / 80 UNI,807.04,44.84,https://i.postimg.cc/WzYh9kBW/PB0767.jpg,DISPONIBLE
PB0614,TOALL. HUM. CHICOLASTIC 48S,24 / 48 UNI,353.12,14.71,https://i.postimg.cc/mg4z6hVP/PB0614.jpg,OFERTA
PD0734,QUERUBIN GEL PEQUEÑO,4 / 40 UNI,481.17,120.29,https://i.postimg.cc/9FFsPBH0/PD0734.jpg,DISPONIBLE
PD0738,QUERUBIN GEL GRANDE,4 / 40 UNI,571.39,142.85,https://i.postimg.cc/jdgmMJRX/PD0738.jpg,DISPONIBLE
PD0739,QUERUBIN GEL MEDIANO,4 / 40 UNI,544.36,136.09,https://i.postimg.cc/dVhXpt1K/PD0739.jpg,DISPONIBLE
PD0741,QUERUBIN GEL XX GRANDE,4 / 40 UNI,618.12,154.53,https://i.postimg.cc/HkFKgDc8/PD0741.jpg,DISPONIBLE
PD1976,DIAPRO GRANDE 5 PIEZAS GRATIS 15 UNI.,8 / 15 UNI,1053.97,131.75,https://i.postimg.cc/brGYrRCd/PD1976.jpg,DISPONIBLE
PD1977,DIAPRO MEDIANO 5PZAS GRT 15 UNI.,8 / 15 UNI,1054.05,131.76,https://i.postimg.cc/PfvVJZkz/PD1977.jpg,DISPONIBLE
PD1136,KBB ABSORSEC JUMBO 14s,6 / 14 UNI,309.04,51.51,https://i.postimg.cc/9FRYj4G1/PD1136.jpg,DISPONIBLE
PD1137,KBB ABSORSEC CHICO 40s,4 / 40 UNI,470.66,117.67,https://i.postimg.cc/J4fc71x8/PD1137.jpg,DISPONIBLE
PD1139,KBB ABSORSEC GRANDE 40s,4 / 40 UNI,589.96,147.49,https://i.postimg.cc/pdxf8q31/PD1139.jpg,DISPONIBLE
PD1140,KBB ABSORSEC JUMBO 40s,4 / 40 UNI,608.78,152.2,https://i.postimg.cc/FKZjx04F/PD1140.jpg,DISPONIBLE
PD1142,KBB ABSORSEC GRANDE 3s,16 / 3 UNI,187.85,11.74,https://i.postimg.cc/zBGT23zC/PD1142.jpg,DISPONIBLE
PD1143,KBB ABSORSEC JUMBO 3s,16 / 3 UNI,187.85,11.74,https://i.postimg.cc/Ss1CBqRw/PD1143.jpg,DISPONIBLE
PD1147,KBB ABSORSEC GRANDE 14s,6 / 14 UNI,309.04,51.51,https://i.postimg.cc/pXFz6wH6/PD1147.jpg,DISPONIBLE
PD1171,KBB ABSORSEC X JUMBO 40s,4 / 40 UNI,683.62,170.91,https://i.postimg.cc/Bn5Dq2t5/PD1171.jpg,DISPONIBLE
PD1956,KBB ABSORSEC XXJ ,4 / 40 UNI,683.62,170.91,https://i.postimg.cc/8c2hRdBR/PD1956.jpg,DISPONIBLE
PD1581,KBB SUAVELAS.NP MAXJBO14s,6 / 14 UNI,534.74,89.12,https://i.postimg.cc/Jn3Dmfpd/PD1581.jpg,DISPONIBLE
PD1167,KBB SUAVELASTIC CHICO 40s,4 / 40 UNI,606.47,151.62,https://i.postimg.cc/g2b8Fgck/PD1167.jpg,DISPONIBLE
PD1365,KBB SUAVELASTIC GRANDE+4 GR,4 / 44 UNI,988.41,247.1,https://i.postimg.cc/dtPjws4Y/PD1365.jpg,DISPONIBLE
PD1578,KBB SUAVELASTIC MEDIANO 14s,6 / 14 UNI,399.38,66.56,https://i.postimg.cc/vmcV5k3h/PD1578.jpg,DISPONIBLE
PD1584,KBB SUAVELAS.NP MAXJBO40s,4 / 40 UNI,1073.59,268.4,https://i.postimg.cc/Y21mN1f5/PD1584.jpg,DISPONIBLE
PD1585,KBB SUAVEL.NP MAXEXJBO40s,4 / 40 UNI,1115.4,278.85,https://i.postimg.cc/TYf5tptp/PD1585.jpg,DISPONIBLE
PD1831,KBB SUAVELASTIC XX JUMBO,4 / 40 UNI,1115.4,278.85,https://i.postimg.cc/4NDxRV3X/PD1831.jpg,DISPONIBLE
PD1955,KBB SUAVELASTIC REC.NACIDO 40S,4 / 40 UNI,504.41,126.1,https://i.postimg.cc/nVjy9gx6/PD1955.jpg,DISPONIBLE
PD1186,HUGGIES U.CONF. T3 NIÑO,5 / 40 UNI,1130.15,226.03,https://i.postimg.cc/9MkwxpN2/PD1186.jpg,DISPONIBLE
PD1187,HUGGIES U.C. E3 NIÑA,5 / 40 UNI,1130.15,226.03,https://i.postimg.cc/XYQSTyH2/PD1187.jpg,DISPONIBLE
PD1188,HUGGIES U.C. E4 NIÑO,5 / 40 UNI,1314.18,262.84,https://i.postimg.cc/Hsc0B0QP/PD1188.jpg,DISPONIBLE
PD1189,HUGGIES U.C. E4 NIÑA,5 / 40 UNI,1305.04,261.01,https://i.postimg.cc/KcBc1wcn/PD1189.jpg,DISPONIBLE
PD1190,HUGGIES U.C. E5 NIÑ0,5 / 40 UNI,1466.69,293.34,https://i.postimg.cc/DZ49Jp2D/PD1190.jpg,DISPONIBLE
PD1191,HUGGIES U.C. E5 NIÑA,5 / 40 UNI,1400.1,280.02,https://i.postimg.cc/kMRH5FS9/PD1191.jpg,DISPONIBLE
PD1192,HUGGIES U.C. E6 NIÑO,5 / 40 UNI,1629.37,325.87,https://i.postimg.cc/dtb2X76Q/PD1192.jpg,DISPONIBLE
PD1193,HUGGIES ULT.CON. E-6 NIÑA,4 / 40 UNI,1629.37,407.34,https://i.postimg.cc/0rRMvNsH/PD1193.jpg,DISPONIBLE
PD1593,HUGGIES U.C. E2 44s,6 / 44 UNI,1375.1,229.18,https://i.postimg.cc/d0khhdVS/PD1593.jpg,DISPONIBLE
PD1805,HUGGIES S.PROT.DEL. E4 36s,5 / 36 UNI,1513.99,302.8,https://i.postimg.cc/3rCd0337/PD1805.jpg,DISPONIBLE
PD1806,HUGGIES S.PROT.DEL. E5 40s,5 / 36 UNI,1814.47,362.89,https://i.postimg.cc/gkzrv10h/PD1806.jpg,DISPONIBLE
PD1809,HUGGIES S.PROT.DEL. E6 40s,5 / 36 UNI,2085.17,417.03,https://i.postimg.cc/Hs6n33Jh/PD1809.jpg,DISPONIBLE
PD1810,HUGGIES U.C. E1 C.RN-44s,4 / 44 UNI,723.8,180.95,https://i.postimg.cc/02gBKMGS/PD1810.jpg,DISPONIBLE
PD1894,HUGGIES ALL AROUND E6,4 / 40 UNI,1278,319.5,https://i.postimg.cc/qRZVV7zv/PD1894.jpg,DISPONIBLE
PD1910,HUGGIES SUPREME R.N.,6 / 32 UNI,937.7,156.28,https://i.postimg.cc/sxpbKBG4/PD1910.jpg,DISPONIBLE
PD1912,HUGGIES SUPREME PROT. DELICADA E1,6 / 28 UNI,970.86,161.81,https://i.postimg.cc/C1HcthnP/PD1912.jpg,DISPONIBLE
PD1925,HUGGIES SUPREME PROT. DELIC,6 / 26 UNI,971.25,161.88,https://i.postimg.cc/ZndNrh68/PD1925.jpg,DISPONIBLE
PD1957,HUGGIES U.C. E7 NIÑO,5 / 40 UNI,1598.27,319.65,https://i.postimg.cc/JztYqJ1J/PD1957.jpg,DISPONIBLE
PD1958,HUGGIES U.C. E7 NIÑA,5 / 40 UNI,1587.87,317.57,https://i.postimg.cc/2yqW9mBB/PD1958.jpg,DISPONIBLE
PD2009,HUGGIES SUPREME E7 UNISEX 36UNI.,6 / 36 UNI,2118.8,353.13,https://i.postimg.cc/rphm312p/PD2009.jpg,DISPONIBLE
PD1306,PULL UPS GRANDE 15s NIÑO,8 / 15 UNI,896.95,112.12,https://i.postimg.cc/1RgvyYSp/PD1306.jpg,DISPONIBLE
PD1307,PULL UPS GRANDE 15s NIÑA,8 / 15 UNI,896.95,112.12,https://i.postimg.cc/gjN1fTq3/PD1307.jpg,DISPONIBLE
PD1308,PULL UPS EX/GRANDE 15s NIÑO,8 / 15 UNI,859.21,107.4,https://i.postimg.cc/jdPv7wL2/PD1308.jpg,DISPONIBLE
PD0452,BB TIPS T5 PAÑAL BEBE,4 / 40 UNI,834.13,208.53,https://i.postimg.cc/G2vnN3Xp/PD0452.jpg,DISPONIBLE
PD0965,AFFECTIVE ACTIVE GDE,6 / 10 UNI,749.42,124.9,https://i.postimg.cc/43z8RKRj/PD0965.jpg,OFERTA
PD1834,AFFECTIVE ACTIVE X-GRANDE 10 UNI.,6 / 10 UNI,898.51,149.75,https://i.postimg.cc/4xMdRdQv/PD1834.jpg,DISPONIBLE
PD1835,AFFECTIVE ACTIVE CHICO,6 / 12 UNI,618.79,103.13,https://i.postimg.cc/gjgNzgD3/PD1835.jpg,DISPONIBLE
PD0241,CHICOLASTIC CLASSIC T4,4 / 40 UNI,538.68,134.67,https://i.postimg.cc/prYx9VjS/PD0241.jpg,DISPONIBLE
PD0268,CHICOLASTIC CLASSIC T2,4 / 40 UNI,449.74,112.44,https://i.postimg.cc/tCppKPQG/PD0268.jpg,DISPONIBLE
PD0384,CHICOLASTIC CLASSIC CHICO,6 / 14 UNI,240.06,40.01,https://i.postimg.cc/8zCD5Szy/PD0384.jpg,DISPONIBLE
PD0391,CHICOLASTIC CLASSIC XX GRANDE,6 / 14 UNI,370.79,61.8,https://i.postimg.cc/FKMQDkgq/PD0391.jpg,DISPONIBLE
PD1836,CHICOLASTIC CLASSIC XXGRANDE,4 / 40 UNI,759.19,189.8,https://i.postimg.cc/xTKFvfg4/PD1836.jpg,DISPONIBLE
PE0205,ALUMINIO AZTECA 7,24 / 1 UNI,339.18,14.13,https://i.postimg.cc/Yq0M279d/PE0205.png,DISPONIBLE
PE0259,ALUMINIO MONARCA MOD 100,12 / 1 UNI,1064.8,88.73,https://i.postimg.cc/MGKQs5wQ/PE0259.jpg,DISPONIBLE
PE0244,ALUMINIO MONARCA MOD 8,24 / 1 UNI,342.86,14.29,https://i.postimg.cc/FKdmJQry/PE0244.jpg,DISPONIBLE
PE0258,ALUMINIO MONARCA MOD 50,12 / 1 UNI,632.32,52.69,https://i.postimg.cc/4xDwx7z2/PE0258.jpg,DISPONIBLE
PE0684,ALUMINIO BUENHOGAR 7.62MT,24 / 1 UNI,604.39,25.18,https://i.postimg.cc/sxw2BQ0R/PE0684.jpg,DISPONIBLE
PH0231,PREMIER 400HD MEGA ROLL,12 / 4 UNI,312.24,26.02,https://i.postimg.cc/prG2VNpW/PH0231.jpg,OFERTA
PH0498,PREMIER 600 HD,10 / 4 UNI,296.19,29.62,https://i.postimg.cc/3NNn6kf6/PH0498.jpg,OFERTA
PH0571,PREMIER 500HD 6UNI.,6 / 6 UNI,291.61,48.6,https://i.postimg.cc/HLk1xv1j/PH0571.jpg,OFERTA
PH0310,BIG ROLL HOJAS DOBLES 4UNI,12 / 4 UNI,314.15,26.18,https://i.postimg.cc/V6rJV1BK/PH0310.jpg,OFERTA
PH0368,ELITE COLOR 287HD,10 / 4 UNI,204.44,20.44,https://i.postimg.cc/4ySgkzSn/PH0368.jpg,OFERTA
PH0460,MONARCA 12x4s 400HD,12 / 4 UNI,244.72,20.39,https://i.postimg.cc/8cZjJd16/PH0460.jpg,OFERTA
PH0570,MONARCA ECO 375HD,12 / 4 UNI,221.75,18.48,https://i.postimg.cc/PJZBcBYV/PH0570.jpg,DISPONIBLE
PH0628,MONARCA EX GRANDE 605HD,9 / 4 UNI,278.43,30.94,https://i.postimg.cc/W1VS7Qjp/PH0628.jpg,OFERTA
PH0638,MONARCA 550HJ DOBLES 6UNI,6 / 6 UNI,267.53,44.59,https://i.postimg.cc/dtJ2hn9L/PH0638.jpg,OFERTA
PH0476,REGIO HUMEDO LUXURY ALMOND TOUCH 42UNI.,16 / 42 UNI,558.94,34.93,https://i.postimg.cc/fb5d5b8n/PH0476.jpg,OFERTA
PH9393,REGIO JUST-1 115HD,5 / 6 UNI,398.2,79.64,https://i.postimg.cc/Bnxqqx0L/PH9393.jpg,OFERTA
PH0574,REGIO LUXURY ALMOND TOUCH.,12 / 4 UNI,318.7,26.56,https://i.postimg.cc/ZRwvm4QQ/PH0574.jpg,OFERTA
PH0471,REGIO LUXURY ALMOND TOUCH 32UNI,2 / 32 UNI,495.29,247.65,https://i.postimg.cc/k5sqSqDV/PH0471.jpg,OFERTA
PH0639,REGIO LUXURY ALMOND GRAN ROLLS 275HD,5 / 8 UNI,364.19,72.84,https://i.postimg.cc/rpMqzKVY/PH0639.jpg,OFERTA
PH0262,REGIO RIN1 UNI.,24 / 1 UNI,179.11,7.46,https://i.postimg.cc/X7GBMMkX/PH0262.webp,OFERTA
PH0530,REGIO RINDE+6+2sROLL,5 / 8 UNI,236.44,47.29,https://i.postimg.cc/Gpqg5bNm/PH0530.jpg,OFERTA
PH0652,REGIO RINDE+ 250HD + 6ROLLOS,3 / 24 UNI,422.85,140.95,https://i.postimg.cc/q75YggCm/PH0652.jpg,OFERTA
PH0273,ADORABLE 550HD,8 / 6 UNI,385.47,48.18,https://i.postimg.cc/sxthy7C6/PH0273.jpg,DISPONIBLE
PH0288,ADORABLE 400HD,20 / 4 UNI,509.46,25.47,https://i.postimg.cc/25vJ54z3/PH0288.jpg,DISPONIBLE
PH0616,SUAVEL 200HD 16 ROLLOS,3 / 16 UNI,174.43,58.14,https://i.postimg.cc/XYzP4zVR/PH0616.jpg,DISPONIBLE
PH0550,SUAVEL 325HD 4s,10 / 4 UNI,258.15,25.82,https://i.postimg.cc/wTDpbskx/PH0550.jpg,DISPONIBLE
PH0158,SUAVEL HIGIENICO 4s,12 / 4 UNI,191.46,15.96,https://i.postimg.cc/RZygjJdq/PH0158.jpg,DISPONIBLE
PH0169,SUAVEL HIGIENICO 12s,4 / 12 UNI,212.04,53.01,https://i.postimg.cc/nrh5HbDx/PH0169.jpg,DISPONIBLE
PH0344,SUAVEL HIGIENICO M JUMBO,20 / 4 UNI,603.54,30.18,https://i.postimg.cc/WzSvnwMR/PH0344.jpg,DISPONIBLE
PH0414,SUAVEL HIGIENICO 32s,90 / 32 UNI,11249.3,124.99,https://i.postimg.cc/k5MWYJ3D/PH0414.jpg,DISPONIBLE
PH0407,KLEENEX MEGA IND. 80S,80 / 1 UNI,595.21,7.44,https://i.postimg.cc/qMNrc5NK/PH0407.jpg,DISPONIBLE
PH0468,VOGUE 600HD 4s,10 / 4 UNI,401.72,40.17,https://i.postimg.cc/pLCsL1PH/PH0468.jpg,DISPONIBLE
PH0484,VOGUE 600HD 6s,8 / 6 UNI,472.58,59.07,https://i.postimg.cc/tRfk3ZxM/PH0484.jpg,DISPONIBLE
PH0902,VOGUE HIGIENICO NVO 4s,24 / 4 UNI,674.9,28.12,https://i.postimg.cc/LXbkZrbr/PH0902.jpg,DISPONIBLE
PH0904,VOGUE HIGIENICO NVO 80s,80 / 1 UNI,589.18,7.36,https://i.postimg.cc/bNK6523c/PH0904.jpg,DISPONIBLE
PH0654,PETALO MAXI RESIST 1/32PZ,32 / UNI,174.79,5.46,https://i.postimg.cc/CxgzqM4j/PH0654.jpg,DISPONIBLE
PH0350,PETALO RENDIMAX 12s,4 / 12 UNI,372.23,93.06,https://i.postimg.cc/rmgTg6G1/PH0350.jpg,DISPONIBLE
PH0415,PETALO ULTRA RESIST. 400HD,10 / 4 UNI,325.16,32.52,https://i.postimg.cc/Hn3ry5nS/PH0415.jpg,DISPONIBLE
PH0417,PETALO ULTRA RESIST. 300HD,10 / 4 UNI,249.96,25,https://i.postimg.cc/mZ3C41LM/PH0417.jpg,DISPONIBLE
PH0533,PETALO ULT. RES. 377HD +2GRT,5 / 6 UNI,163.46,32.69,https://i.postimg.cc/xCFbhGYs/PH0533.jpg,DISPONIBLE
PH0537,COTTONELLE HIG.AA 252HD,10 / 4 UNI,342.1,34.21,https://i.postimg.cc/mhfmHkc8/PH0537.jpg,DISPONIBLE
PH0561,COTTONELLE ELEG. 16PZ,3 / 16 UNI,381.87,127.29,https://i.postimg.cc/nhZJ8cd4/PH0561.jpg,DISPONIBLE
PH0627,COTTONELLE EXTRA CONFORT 115HD,15 / 4 UNI,531.56,35.44,https://i.postimg.cc/nrJLwRL7/PH0627.jpg,DISPONIBLE
PI0490,PILA ENERGIZER TIRA ALC AA 6 UNI.,20 / 6 UNI,1507.64,75.38,https://i.postimg.cc/CKj1jLXK/PI0490-jpg.png,DISPONIBLE
PI0495,PILA ENERGIZER TIRA ALC AAA 6 UNI.,20 / 6 UNI,1507.64,75.38,https://i.postimg.cc/rmjwPZ8r/pi0495-jpg.png,DISPONIBLE
PL1279,TOALL CLOROX SCENTIVA LAVANDA,6 / 75 UNI,536.05,89.34,https://i.postimg.cc/HkTYSdH6/PL1279.jpg,DISPONIBLE
PL1229,MAGITEL MULT/EXTRA GRANDE 5 UNI.,48 / 5 UNI,898.14,18.71,https://i.postimg.cc/439bzsg0/PL1229.jpg,DISPONIBLE
PL1273,MAGITEL MICROFIBRA MULTIUSOS,12 / 1 UNI,683.3,56.94,https://i.postimg.cc/x8m0psPC/PL1273.jpg,DISPONIBLE
PL1274,MAGITEL MICROFIBRA ANTIMANCHAS,12 / 1 UNI,774.52,64.54,https://i.postimg.cc/dt8s8x14/PL1274.jpg,DISPONIBLE
PL1276,MAGITEL FIBRA SONRISA,24 / 1 UNI,910.45,37.94,https://i.postimg.cc/TYXGYJ96/PL1276.jpg,DISPONIBLE
PL1261,MAGITEL FIBRA ESPONJA DOBLE USO 4 UNI.,6 / 4 UNI,200.25,33.38,https://i.postimg.cc/j2bkyYwp/PL1261.jpg,DISPONIBLE
PL1211,VANISH PINK POLVO OXIACTION 900GR,6 / 900 GR,1037.14,172.86,https://i.postimg.cc/YjcnGxcs/PL1211.jpg,DISPONIBLE
PL1212,VANISH PRE-LAVADOR PINK PODER O2 650 MLS.,12 / 650 ML,1216.16,101.35,https://i.postimg.cc/yxNNv1Qb/PL1212.jpg,DISPONIBLE
PL1210,VANISH WHITE POLVO OXIACTION 900 GRS.,6 / 900 GR,1049.27,174.88,https://i.postimg.cc/pTCTfhZP/PL1210.jpg,DISPONIBLE
PL1196,LYSOL SPRAY ANTIBACT.650M,12 / 650 ML,858.64,71.55,https://i.postimg.cc/CMfMM2yH/PL1196.jpg,DISPONIBLE
PS0103,CREMA CACAHUATE ALADINO,12 / 340 GR,751.09,62.59,https://i.postimg.cc/NGpT25XM/PS0103.jpg,DISPONIBLE
PS0160,CREMINO UNTABLE 350GR,12 / 350 GR,705.97,58.83,https://i.postimg.cc/qM4dzW2b/PS0160.jpg,OFERTA
PT0112,LA COSTEÑA P.TOMATE 210GR,24 / 210 GR,199.42,8.31,https://i.postimg.cc/q7s6JR0p/PT0112.jpg,DISPONIBLE
PT0134,DEL FUERTE P.TOMATE 210GR,24 / 210 GR,182.54,7.61,https://i.postimg.cc/FRGfSB7q/PT0134.jpg,OFERTA
PT0148,DEL FUERTE P.TOMATE 345GR,24 / 345 GR,294.02,12.25,https://i.postimg.cc/ZnMC7vPx/PT0148.jpg,OFERTA
PT0140,DEL FUERTE P.TOMATE 1KG,12 / 1 KG,335.53,27.96,https://i.postimg.cc/FzRYVVSK/PT0140.jpg,OFERTA
PT0108,HERDEZ P.TOMATE 210ML,24 / 210 GR,165.97,6.92,https://i.postimg.cc/yN4SCRMf/PT0108.jpg,OFERTA
PT0180,HERDEZ P.TOMATE 345GR,24 / 345 GR,227.45,9.48,https://i.postimg.cc/XYFpLJr9/PT0180.jpg,OFERTA
PT0169,HERDEZ P.TOMATE 1KG,12 / 1 KG,309.79,25.82,https://i.postimg.cc/bN4Z1bwz/PT0169.jpg,OFERTA
PT0159,PURE PAPAVERDE VALLE,24 / 160 GR,757.27,31.55,https://i.postimg.cc/mZXz2Kx1/PT0159.jpg,DISPONIBLE
RE1679,VOLT GUARANA Y.S/TAU473M,15 / 473 ML,247.35,16.49,https://i.postimg.cc/yYhN3GtT/RE1679.jpg,OFERTA
RE0333,PEPSI PET 1.5 LTS.,12 / 1.5 LT,281.01,23.42,https://i.postimg.cc/9FcthsvH/RE0333.jpg,OFERTA
RE1502,PEPSI PET 3LT,8 / 3 LT,334.18,41.77,https://i.postimg.cc/4x5nq013/RE1502.jpg,OFERTA
RE1503,PEPSI PET 355ML,12 / 355 ML,118.34,9.86,https://i.postimg.cc/MTZcn8cX/RE1503.jpg,OFERTA
RE0559,GATORADE PONCHE FRUTAS 1LT,6 / 1 LT,150.48,25.08,https://i.postimg.cc/1zQ4jQF2/RE0559.jpg,OFERTA
RE1262,GATORADE NARANJA 1LT,6 / 1 LT,150.48,25.08,https://i.postimg.cc/kXSJ3H7m/RE1262.jpg,OFERTA
RE1264,GATORADE LIMA LIMON 1LT,6 / 1 LT,150.48,25.08,https://i.postimg.cc/0yq88CNJ/RE1264.jpg,OFERTA
RE1265,GATORADE UVA 1LT,6 / 1 LT,150.48,25.08,https://i.postimg.cc/q710xVx8/RE1265.jpg,OFERTA
RE1683,GATORADE MORAS 1LT,6 / 1 LT,150.48,25.08,https://i.postimg.cc/W4zpK139/RE1683.jpg,OFERTA
RE1214,GATORADE NARANJA 500ML,6 / 500 ML,111.43,18.57,https://i.postimg.cc/qM6RBRXW/RE1214.jpg,OFERTA
RE1215,GATORADE MORAS 500ML,6 / 500 ML,111.43,18.57,https://i.postimg.cc/x1rdX268/RE1215.jpg,OFERTA
RE1216,GATORADE UVA 500ML,6 / 500 ML,111.43,18.57,https://i.postimg.cc/1zs5KKhZ/RE1216.jpg,OFERTA
RE1217,GATORADE LIMA LIMON 500ML,6 / 500 ML,114.88,19.15,https://i.postimg.cc/Jhx7YBMH/RE1217.jpg,DISPONIBLE
RE1235,GATORADE PONCHE 500ML,6 / 500 ML,111.43,18.57,https://i.postimg.cc/X7YVZ46v/RE1235.jpg,OFERTA
RE1680,GATORADE MIX 350ML,12 / 350 ML,130.92,10.91,https://i.postimg.cc/sgVgYcRC/RE1680.jpg,OFERTA
RE2108,BIDA ICCE CEREZA,12 / 500 ML,152.1,12.67,https://i.postimg.cc/mZnwPJHH/RE2108.jpg,OFERTA
RE2173,BIDA ICEE MORA AZUL 500ML,12 / 500 ML,151.74,12.65,https://i.postimg.cc/6qfb0bC5/RE2173.jpg,OFERTA
RE1987,AMI MANZANA 591ML,12 / 591 ML,146.88,12.24,https://i.postimg.cc/5Nmx3zCy/RE1987.jpg,DISPONIBLE
RE1988,AMI NARANJA 591ML,12 / 591 ML,146.88,12.24,https://i.postimg.cc/3wkYYbb0/RE1988.jpg,DISPONIBLE
RE2162,JUMEX FRUTZZO LIMON JUGO+BURBUJAS LTA 470ML,12 / 470 ML,146.44,12.2,https://i.postimg.cc/L4zvyK5b/RE2162.jpg,DISPONIBLE
RE2163,JUMEX FRUTZZO NJA JUGO+BURBUJAS LTA 470ML,12 / 470 ML,146.44,12.2,https://i.postimg.cc/RhzdMGsT/RE2163.jpg,DISPONIBLE
RE2164,JUMEX FRUTZZO MAND. JUGO+BURBUJAS LTA 470ML,12 / 470 ML,146.44,12.2,https://i.postimg.cc/BvkNzJ2x/RE2164.jpg,DISPONIBLE
RE2159,BOOST ACTIVE ENERGY 235 MLS.,24 / 235 ML,473.26,19.72,https://i.postimg.cc/P5q4rC4M/RE2159.jpg,DISPONIBLE
RE2161,BOOST ACTIVE ENERGY 470 MLS.,12 / 470 ML,342.14,28.51,https://i.postimg.cc/MK55S7yZ/RE2161.jpg,DISPONIBLE
RE1910,PAU PAU SURTIDO,24 / 250 ML,124.66,5.19,https://i.postimg.cc/nLtf1Ddd/RE1910.jpg,DISPONIBLE
RE1912,PAU PAU UVA 250 MLS.,24 / 250 ML,126.17,5.26,https://i.postimg.cc/8PTS9zXh/RE1912.jpg,DISPONIBLE
RE1915,PAU PAU MANZANA 250 MLS.,24 / 250 ML,126.17,5.26,https://i.postimg.cc/520M9kVy/RE1915.jpg,DISPONIBLE
RE1974,PAU PAU MINI UVA,50 / 125 ML,145.22,2.9,https://i.postimg.cc/T3LCxqWW/RE1974.jpg,DISPONIBLE
RE1975,PAU PAU MINI MANZANA,50 / 125 ML,145.22,2.9,https://i.postimg.cc/X7vsH0jL/RE1975.jpg,DISPONIBLE
RE1909,PAU PAU SURTIDO 250M 6PK,4 / 6 UNI,119.7,29.93,https://i.postimg.cc/bYxPmtgy/RE1909.jpg,DISPONIBLE
RE1766,REFRESCO MEXICANA 600 ML.,12 / 600 ML,170.56,14.21,https://i.postimg.cc/J05W0f0D/RE1766.jpg,OFERTA
RE1687,AMPER BLUE 473M,12 / 473 ML,213.33,17.78,https://i.postimg.cc/tTVqqvFW/RE1687.jpg,OFERTA
RE1762,AMPER ENERG.KALAKA 473M,12 / 473 ML,213.33,17.78,https://i.postimg.cc/85ZqDKcc/RE1762.jpg,OFERTA
RE2165,AMPER ICCE MORA AZUL 473ML,12 / 473 ML,213.33,17.78,https://i.postimg.cc/jjR85VDP/RE2165.jpg,OFERTA
RE2117,AMPER MANGO PARTY 473ML,12 / 473 ML,213.33,17.78,https://i.postimg.cc/T2jWKY62/RE2117.jpg,OFERTA
RE1688,AMPER PREDATOR 473M,12 / 473 ML,213.33,17.78,https://i.postimg.cc/6qJ9yVhS/RE1688.jpg,OFERTA
RE1686,AMPER REGULAR 473M,12 / 473 ML,213.33,17.78,https://i.postimg.cc/Pq7fknvd/RE1686.jpg,OFERTA
RE1295,VITALOE C/SABILA,12 / 320 ML,166.18,13.85,https://i.postimg.cc/fWG39mLM/RE1295.jpg,OFERTA
RE1673,VITALOE MEGA 500 MLS.,12 / 500 ML,218.12,18.18,https://i.postimg.cc/Znp5csR4/RE1673.jpg,OFERTA
RE1266,VIVE 100 24/500 MLS,24 / 500 ML,333.67,13.9,https://i.postimg.cc/637xp720/RE1266.jpg,OFERTA
RE1672,VIVE 100 GOJI 500 MLS.,24 / 500 ML,335.6,13.98,https://i.postimg.cc/C5kybW4f/RE1672.jpg,OFERTA
RE1689,VIVE 100 LATA 12/355M,12 / 355 ML,158.05,13.17,https://i.postimg.cc/gjVGRwS0/RE1689.jpg,OFERTA
RE1752,VIVE 100 LATA 12/473 ML,12 / 473 ML,169.75,14.15,https://i.postimg.cc/rF98wrRn/RE1752.jpg,OFERTA
RE1990,VIVE 100 ORIG,24 / 400 ML,291,12.13,https://i.postimg.cc/bNThdrCx/RE1990.png,OFERTA
RI1337,CONC ARROZ DELICIOSA 180,24 / 180 ML,359.27,14.97,https://i.postimg.cc/gjYTSncj/RI1337.jpg,DISPONIBLE
RI1338,CONC ARROZ DELICIOSA 500,12 / 500 ML,408.84,34.07,https://i.postimg.cc/mk860Bhw/RI1338.jpg,DISPONIBLE
RI1339,CONC ARROZ DELICIOSA 700,12 / 700 ML,558.69,46.56,https://i.postimg.cc/T29SyqQD/RI1339.jpg,DISPONIBLE
RI1934,ZUKO FRESA 8 GRS. 8 UNI.,12 / 8 UNI,569.34,47.45,https://i.postimg.cc/htVK8Q4W/RI1934.jpg,DISPONIBLE
RI1741,ZUKO HORCHATA 13 GR,12 / 8 UNI,754.24,62.85,https://i.postimg.cc/yx0nyjhZ/RI1741.jpg,DISPONIBLE
RI1932,ZUKO HORCHATA 8 GRS. 8 UNI.,12 / 8 UNI,569.34,47.45,https://i.postimg.cc/Bbtq2htW/RI1932.jpg,DISPONIBLE
RI1936,ZUKO JAMAICA 8 GRS. 8 UNI.,12 / 8 UNI,569.34,47.45,https://i.postimg.cc/q7L0SfCX/RI1936.jpg,DISPONIBLE
RI1933,ZUKO MANGO 8 GRS. 8 UNI.,12 / 8 UNI,569.34,47.45,https://i.postimg.cc/dQSQJKNX/RI1933.jpg,DISPONIBLE
RI1940,ZUKO MELON 8 GRS. 8 UNI.,12 / 8 UNI,569.34,47.45,https://i.postimg.cc/pTcvVDC5/RI1940.jpg,DISPONIBLE
RI1930,ZUKO NARANJA 8 GRS. 8 UNI.,12 / 8 UNI,569.34,47.45,https://i.postimg.cc/7PBhbzhR/RI1930.jpg,DISPONIBLE
RI1931,ZUKO PIÑA 8 GRS. 8 UNI.,12 / 8 UNI,569.34,47.45,https://i.postimg.cc/B6SZnZ0n/RI1931.jpg,DISPONIBLE
RI1942,ZUKO PÍÑA COLADA 8 GRS. 8 UNI.,12 / 8 UNI,569.34,47.45,https://i.postimg.cc/RhjzK4j6/RI1942.jpg,DISPONIBLE
RI1941,ZUKO TAMARINDO 8 GRS. 8 UNI.,12 / 8 UNI,569.34,47.45,https://i.postimg.cc/Zn9SWCsD/RI1941.jpg,DISPONIBLE
RI1937,ZUKO UVA 8 GRS. 8 UNI.,12 / 8 UNI,569.34,47.45,https://i.postimg.cc/ZR5Zhf8m/RI1937.jpg,DISPONIBLE
SA0184,SAL SOL MARINA YO/FL 1K,20 / 1 KG,314.31,15.72,https://i.postimg.cc/W48rm3yX/SA0184.jpg,DISPONIBLE
SA0222,SAL VILLACAMPO 1KG,20 / 1 KG,256.67,12.83,https://i.postimg.cc/9MN7SkC9/SA0222.png,OFERTA
SA0161,SAL LA FINA YODADA FLUOR 500GR,25 / 500 GR,263.72,10.55,https://i.postimg.cc/1zswN6v8/SA0161.jpg,DISPONIBLE
SA0155,SAL LA FINA YODADA FLUOR 1 KGS.,20 / 1 KG,405.72,20.29,https://i.postimg.cc/mgxQBKMN/SA0155.jpg,DISPONIBLE
SB0813,LA MERCED FR NEGROS QTRO,10 / 900 GR,218.93,21.89,https://i.postimg.cc/KzK7DTMx/SB0813.jpg,DISPONIBLE
SB0819,LA MERCED LENTEJAS,20 / 454 GR,254.07,12.7,https://i.postimg.cc/yYhmjskg/SB0819.jpg,DISPONIBLE
SB0820,LA MERCED MAIZ PAL.,20 / 454 GR,230.65,11.53,https://i.postimg.cc/FH9jn8LP/SB0820.jpg,DISPONIBLE
SB0554,VILLACAMPO ARROZ LONG SE 500G,20 / 500 GR,175.62,8.78,https://i.postimg.cc/htq7HTW2/SB0554.jpg,DISPONIBLE
SB0550,VILLACAMPO ARROZ LONG SE 1KG,10 / 1 KG,176.18,17.62,https://i.postimg.cc/hvk747JP/SB0550.jpg,DISPONIBLE
SE2001,SERV. PREMIER 450HD,12 / 450 UNI,473.48,39.46,https://i.postimg.cc/zBgkq7cc/SE2001.jpg,OFERTA
SE0298,SERVITOALLA ELITE MAXIROLLO 250HD,12 / 1 UNI,301.38,25.11,https://i.postimg.cc/0QGWqKfY/SE0298.jpg,OFERTA
SE0250,LA PRUEBA LINEA VERDE 100 ECO-400 UNI.,12 / 400 UNI,321.79,26.82,https://i.postimg.cc/PfWFZwz4/SE0250.jpg,DISPONIBLE
SE0258,SERV. LA PRUEBA 125s,24 / 125 UNI,233.2,9.72,https://i.postimg.cc/BbSSGTBG/SE0258.jpg,OFERTA
SE0327,SERV. PAL TAKITO BLANCAS+50 350 UNI.,12 / 350 UNI,185.2,15.43,https://i.postimg.cc/TPVqrZZX/SE0327.jpg,OFERTA
SE0276,SERV. REGIO HOGAR PREMIUM 400HS,12 / 400 UNI,626.24,52.19,https://i.postimg.cc/bwmggsn3/SE0276.jpg,OFERTA
SE0249,SERVITOALLA REGIO RIN+2N1,8 / 1 UNI,181.7,22.71,https://i.postimg.cc/bJjYmcGr/SE0249.jpg,OFERTA
SE0247,SERVITOALLA BIG FACIAL QUALITY 240HD,12 / 1 UNI,294.53,24.54,https://i.postimg.cc/FKBjwqtL/SE0247.jpg,DISPONIBLE
SE0218,SERV. DELSEY 220s,24 / 220 UNI,662.26,27.59,https://i.postimg.cc/ZKJBT35n/SE0218.jpg,DISPONIBLE
SE0219,SERV. DELSEY 450s,12 / 450 UNI,602.94,50.25,https://i.postimg.cc/qMQtgRNL/SE0219.jpg,DISPONIBLE
SE0601,SERV. LYS 125HD,48 / 125 UNI,788.92,16.44,https://i.postimg.cc/YSQMGnXH/SE0601.jpg,DISPONIBLE
SE0603,SERV. LYS BLANCA 500S,12 / 500 UNI,728.06,60.67,https://i.postimg.cc/KYVNXwJT/SE0603.jpg,DISPONIBLE
SE0248,SERV. MARLI 250s,24 / 250 UNI,543.66,22.65,https://i.postimg.cc/MKZHkS9j/SE0248.jpg,DISPONIBLE
SE0188,SERV. PETALO BLANCA 220S,24 / 220 UNI,851.98,35.5,https://i.postimg.cc/tCHB40yt/SE0188.jpg,DISPONIBLE
SE0216,SERV. PETALO BLANCA 420S,12 / 420 UNI,703.86,58.66,https://i.postimg.cc/hjxzG1mz/SE0216.jpg,DISPONIBLE
SE0211,SERV. VOGUE 380+20 GRATIS 400 UNI.,12 / 400 UNI,533.8,44.48,https://i.postimg.cc/BbQLMr7D/SE0211.jpg,DISPONIBLE
SE0220,SERV. VOGUE 100s,48 / 100 UNI,604.46,12.59,https://i.postimg.cc/zGByhrW1/SE0220.jpg,DISPONIBLE
SE0110,SERVITOALLA VOGUE 60HD,15 / 60 UNI,261.66,17.44,https://i.postimg.cc/BZHHZ45Y/SE0110.jpg,DISPONIBLE
SE0170,SERVITOALLA PETALO 180S,12 / 180 UNI,323.19,26.93,https://i.postimg.cc/tgsnKjCz/SE0170.jpg,DISPONIBLE
SE0225,SERVITOALLA SUAVEL 120 HD,15 / 120 UNI,241.93,16.13,https://i.postimg.cc/DwM8dMd4/SE0225.jpg,DISPONIBLE
SE0229,SERVITOALLA KLEENEX 117 MAXI-ABSORB,12 / 117 UNI,563.5,46.96,https://i.postimg.cc/Ss0RHYPy/SE0229.jpg,DISPONIBLE
SE0236,SERVITOALLA PETALO 160HD,12 / 160 UNI,239.42,19.95,https://i.postimg.cc/nr2LsRhz/SE0236.jpg,DISPONIBLE
SE0254,SERVITOALLA PETALO 230HD,12 / 230 UNI,317.66,26.47,https://i.postimg.cc/fRz5YxVV/SE0254.jpg,DISPONIBLE
SE0273,SERVITOALLA PETALO COMPACT CLEAN 200 HD,12 / 200 UNI,160.2,13.35,https://i.postimg.cc/rsGCrmcG/SE0273.jpg,DISPONIBLE
SE0312,SERVITOALLA PETALO 3X2 60 HD,12 / 3 UNI,538.53,44.88,https://i.postimg.cc/t4K9gQNk/SE0312.jpg,DISPONIBLE
SE0263,SERVITOALLA PETALO JBO,12 / 250 UNI,319.51,26.63,https://i.postimg.cc/c6yM8hgm/SE0263.jpg,DISPONIBLE
SH3152,MENNEN SH NECTA.MIEL200M,12 / 200 ML,377.95,31.5,https://i.postimg.cc/QN1YLLFs/SH3152.jpg,OFERTA
SH3154,MENNEN SH NECTA.MIEL700M,12 / 700 ML,915.71,76.31,https://i.postimg.cc/15KWtp0j/SH3154.jpg,DISPONIBLE
SH3254,MENNEN SH ZERO 400M,12 / 400 ML,664.99,55.42,https://i.postimg.cc/5NPwTpSb/SH3254.jpg,DISPONIBLE
SH3290,CAPRICE SH FZA ACTI-CERAM 750ML,12 / 750 ML,596.04,49.67,https://i.postimg.cc/KjGMsgK1/SH3290.jpg,DISPONIBLE
SH3294,CAPRICE SH 2EN1 FZA ACT/CERA 750ML,12 / 750 ML,596.04,49.67,https://i.postimg.cc/02bNvsFv/SH3294.jpg,DISPONIBLE
SH3296,CAPRICE SH FZA CRECI.BIOT 750ML,12 / 750 ML,596.04,49.67,https://i.postimg.cc/9QRqS2fY/SH3296.jpg,DISPONIBLE
SH3298,CAPRICE SH HIDR/FZA BIOT+UVA 750ML,12 / 750 ML,596.04,49.67,https://i.postimg.cc/G26swmK4/SH3298.jpg,DISPONIBLE
SH3299,CAPRICE SH BRILLO DE CRISTAL 750ML,12 / 750 ML,596.04,49.67,https://i.postimg.cc/tCw4CcGx/SH3299.jpg,DISPONIBLE
SH3316,CAPRICE SH CONTROL CAIDA,12 / 750 ML,596.04,49.67,https://i.postimg.cc/6307R5Ht/SH3316.jpg,DISPONIBLE
SH3318,CAPRICE SH NUTRI.REVITALI 750ML,12 / 750 ML,596.04,49.67,https://i.postimg.cc/Qtr51zhk/SH3288.jpg,DISPONIBLE
SH3321,CAPRICE SH RIZOS DEFINIDO 750ML,12 / 750 ML,596.04,49.67,https://i.postimg.cc/x8pcxpDZ/SH3321.jpg,DISPONIBLE
SH3322,CAPRICE SH NATU.FRU+AGU/COCO 760ML,12 / 760 ML,590.18,49.18,https://i.postimg.cc/zvf2Mpdz/SH3322.jpg,DISPONIBLE
SH3323,CAPRICE SH NATUR.ACEI.HERBAL 760ML,12 / 760 ML,590.18,49.18,https://i.postimg.cc/HW6cknct/SH3323.jpg,DISPONIBLE
SH3324,CAPRICE SH NATURALS MANZANA 760ML,12 / 760 ML,590.18,49.18,https://i.postimg.cc/zXMyTQkb/SH3324.jpg,DISPONIBLE
SH3391,CAPRICE SH MANZANA 380M,12 / 380 ML,352.86,29.41,https://i.postimg.cc/kXV4Mcdn/SH3391.jpg,DISPONIBLE
SH3393,CAPRICE SH FZAAC.CRE. 200ML,15 / 200 ML,221.92,14.79,https://i.postimg.cc/L8L8L8Xw/SH3393.jpg,OFERTA
SH3394,CAPRICE SH CONT.CAI 200ML,15 / 200 ML,221.92,14.79,https://i.postimg.cc/R0mVRxJF/SH3394.jpg,OFERTA
SH3395,CAPRICE SH FZAAC.CER. 200ML,15 / 200 ML,228.59,15.24,https://i.postimg.cc/c4VJvnsf/SH3392.jpg,OFERTA
SH3396,CAPRICE SH ACE.HERB 200ML,15 / 200 ML,227.53,15.17,https://i.postimg.cc/cJc1kkfc/SH3396.jpg,OFERTA
SH3997,CAPRICE SH. CAR.ACTI. 750ML,12 / 750 ML,596.62,49.72,https://i.postimg.cc/rFXtfzzb/SH3297.jpg,DISPONIBLE
SH4195,CAPRICE SH M.AGAVE 750M,12 / 750 ML,596.46,49.71,https://i.postimg.cc/g00RDhZr/SH4195.jpg,DISPONIBLE
SH4196,CAPRICE SH LIM.REF.200M,15 / 200 ML,223.88,14.93,https://i.postimg.cc/MGrBrG75/SH4196.jpg,OFERTA
SH4303,CAPRICE SH L.R.EUCAL.750M,12 / 750 ML,723.75,60.31,https://i.postimg.cc/63kvt11G/SH4303.jpg,DISPONIBLE
SH4304,CAPRICE SH FUER.VIT.E750M,12 / 750 ML,723.95,60.33,https://i.postimg.cc/rm046Lgk/SH4304.jpg,DISPONIBLE
SH4305,CAPRICE SH L.R.EUCAL.380M,12 / 380 ML,355.34,29.61,https://i.postimg.cc/sx5ZX9tH/SH4305.jpg,DISPONIBLE
SH4351,CAPRICE AC FUERZA CREC BIOTINA,12 / 720 ML,590.2,49.18,https://i.postimg.cc/rFz9GCjY/SH4351.jpg,DISPONIBLE
SH4353,CAPRICE AC REP NECTAR DE MIEL,12 / 720 ML,595.72,49.64,https://i.postimg.cc/s2C9rFrt/SH4353.jpg,DISPONIBLE
SH4354,CAPRICE AC RIZOS DEF KERATINA Y ALOE,12 / 720 ML,596.1,49.68,https://i.postimg.cc/Njj7KBnT/SH4354.jpg,DISPONIBLE
SH4384,CAPRICE SH ACIDO HIALURONICO 750 MLS.,12 / 750 ML,588.79,49.07,https://i.postimg.cc/44MGrQmX/SH4384.jpg,DISPONIBLE
SH2701,OPTIMS SH EXTRA INTENS.200M,12 / 200 ML,269.51,22.46,https://i.postimg.cc/fLg2wZxT/SH2701.jpg,OFERTA
SH3385,OPTIMS SH NIVEL 4 700 ML,12 / 700 ML,728.74,60.73,https://i.postimg.cc/ZnnqdPBx/SH3385.jpg,DISPONIBLE
SH3545,OPTIMS SH 2EN1 EXT.INTENS. 60ML,24 / 60 ML,306.18,12.76,https://i.postimg.cc/Qx5FkbYf/SH3545.png,OFERTA
SH0762,OPTIMS SH PROMO 2X1,24 / 24 UNI,1675.09,69.8,https://i.postimg.cc/TPjvYyw2/SH0762.jpg,DISPONIBLE
SH4198,NEUTRO BALANCE DERMO+PRO 180ML,12 / 200 ML,371.29,30.94,https://i.postimg.cc/sXQCsDk3/SH4198.jpg,OFERTA
SH3371,BIOVITAL AGUACATE Y ALOE VERA 500ML,12 / 500 ML,253.51,21.13,https://i.postimg.cc/XYQR5C3N/SH3371.jpg,OFERTA
SH4595,BIOVITAL ANTICASPA AC. DE MENTA 500ML,12 / 500 ML,253.51,21.13,https://i.postimg.cc/x8JhDxbP/SH4595.jpg,OFERTA
SH4593,BIOVITAL COCO Y ALMENDRAS 500ML,12 / 500 ML,253.51,21.13,https://i.postimg.cc/CM9LZ97C/SH4593.jpg,OFERTA
SH3373,BIOVITAL MIEL Y MANZANILLA 500ML,12 / 500 ML,253.51,21.13,https://i.postimg.cc/gkPbbpNx/SH3373.jpg,OFERTA
SH3380,BIOVITAL EXTRACTO CHILE 900 MLS.,12 / 900 ML,353.65,29.47,https://i.postimg.cc/8CyXJmcC/SH3380.jpg,OFERTA
SH4573,BIOVITAL PH BALANCEADO 900 MLS.,12 / 900 ML,353.65,29.47,https://i.postimg.cc/m2MnX9XH/SH4573.jpg,OFERTA
SH4588,BLUMEN 3EN1 KIDS UNICORNIO 500ML,12 / 500 ML,423.9,35.33,https://i.postimg.cc/qRS03CsC/SH4588.jpg,OFERTA
SH4591,BLUMEN 3EN1 KIDS DRAGON BALL 500ML,12 / 500 ML,628.48,52.37,https://i.postimg.cc/9QYWn0hv/SH4591.jpg,OFERTA
SH4592,BLUMEN 3EN1 KIDS BOB ESPONJA 500ML,12 / 500 ML,628.48,52.37,https://i.postimg.cc/28vjnTXL/SH4592.jpg,OFERTA
SH0142,PANTENE SH CONTROL CAI 400 MLS.,12 / 400 ML,979.11,81.59,https://i.postimg.cc/7Yb4MYBX/SH0142.jpg,DISPONIBLE
SH0197,PANTENE AC CONTROL CAI,12 / 400 ML,979.11,81.59,https://i.postimg.cc/WzmtPxJF/SH0197.jpg,DISPONIBLE
SH1218,PANTENE SHBRILLO EXTREMO,12 / 400 ML,983.75,81.98,https://i.postimg.cc/gjJCDNKr/SH1218.jpg,DISPONIBLE
SH1220,PANTENE AC BRILLO EXTR,12 / 400 ML,979.11,81.59,https://i.postimg.cc/hv5H3TCs/SH1220.jpg,DISPONIBLE
SH1566,PANTENE AC RESTAURACION 400 M,12 / 400 ML,979.11,81.59,https://i.postimg.cc/CMrT1pF8/SH1566.jpg,DISPONIBLE
SH3031,PANTENE SH RIZOS DEFIN,12 / 400 ML,979.11,81.59,https://i.postimg.cc/4xJSb8NG/SH3031.jpg,DISPONIBLE
SH3041,PANTENE SH 2EN1 C. CLASICO,12 / 400 ML,979.11,81.59,https://i.postimg.cc/vZ3SPWcV/SH3041.jpg,DISPONIBLE
SH3206,PANTENE AC 3MIN RESTAURACION,12 / 170 ML,847.56,70.63,https://i.postimg.cc/NMhVHCLG/SH3206.jpg,DISPONIBLE
SH3209,PANTENE AC 3MIN HIDRAT.EXTRE,12 / 170 ML,847.56,70.63,https://i.postimg.cc/9QnYR1DJ/SH3209.jpg,DISPONIBLE
SH3212,PANTENE SH 2EN1 CONT.CA.300M,12 / 300 ML,619.51,51.63,https://i.postimg.cc/gcHyqGww/SH3212.jpg,DISPONIBLE
SH3764,PANTENE SH BAMBU 400M,12 / 400 ML,979.11,81.59,https://i.postimg.cc/T2j8V5qr/SH3764.jpg,DISPONIBLE
SH3766,PANTENE AC BAMBU 400M,12 / 400 ML,979.11,81.59,https://i.postimg.cc/HkmYV67p/SH3766.jpg,DISPONIBLE
SH4308,PANTENE PRO-V RAIZ&PUNTAS,12 / 510 ML,1344.1,112.01,https://i.postimg.cc/Twk4qmq9/SH4308.jpg,DISPONIBLE
SH4325,PANTENE C.P. KERATINA,12 / 300 ML,737.96,61.5,https://i.postimg.cc/PxJvNhyF/SH4325.jpg,DISPONIBLE
SH0199,PANTENE C.P. CONT.CAIDA 300ML,12 / 300 ML,735.21,61.27,https://i.postimg.cc/PqnkjbdF/SH0199.jpg,DISPONIBLE
SH3250,PANTENE 2s REST. 2s CLAS. 2s RIZOS DEF.100M+2s GRT,8 / 6 UNI,627.61,78.45,https://i.postimg.cc/Gth6GW9X/SH3250.jpg,DISPONIBLE
SH3748,PANTENE MIX 3 PACK 200ML,10 / 3 UNI,851.45,85.15,https://i.postimg.cc/xCQwTJQm/SH3748.jpg,OFERTA
SH3773,H&S AC FUERTE RAIZ 650ML,10 / 650 ML,1331.2,133.12,https://i.postimg.cc/d3SB1L1s/SH3773.jpg,DISPONIBLE
SH3758,H&S AC. COCO 650ML,10 / 650 ML,1331.2,133.12,https://i.postimg.cc/s2Bd7nwX/SH3758.jpg,DISPONIBLE
SH3751,H&S SH 2EN1 SUAV/MANEJ 650ML,10 / 650 ML,1331.2,133.12,https://i.postimg.cc/4yRgJzv3/SH3751.jpg,DISPONIBLE
SH3755,H&S SH 2EN1 LIMP. RENOVDORA 650ML,10 / 650 ML,1331.2,133.12,https://i.postimg.cc/vHzssx4Q/SH3755.jpg,DISPONIBLE
SH2893,H&S SH 3N1 375ML,12 / 375 ML,1046.34,87.19,https://i.postimg.cc/rpZ3pSTk/SH2893.jpg,DISPONIBLE
SH2883,H&S SH ANTIFALL 375ML,12 / 375 ML,1046.34,87.19,https://i.postimg.cc/pV5bp1y1/SH2883.jpg,DISPONIBLE
SH2889,H&S SH APPLE FRESH 375ML,12 / 375 ML,1046.34,87.19,https://i.postimg.cc/pXKwBhff/SH2889.jpg,DISPONIBLE
SH3759,H&S SH APPLE FRESH 650ML,10 / 650 ML,1367.93,136.79,https://i.postimg.cc/TPZ89r4c/SH3759.jpg,DISPONIBLE
SH4339,H&S SH ANTI-COMEZON MENTA EX/REF 375ML,12 / 375 ML,1046.34,87.19,https://i.postimg.cc/zv2FZVzj/SH4339.jpg,DISPONIBLE
SH4393,H&S SH ANTI-RESEQUEDA 375ML,12 / 375 ML,1078.38,89.87,https://i.postimg.cc/05W2P8Lm/SH4393.jpg,DISPONIBLE
SH3546,H&S SH COCO 375ML,12 / 375 ML,1046.34,87.19,https://i.postimg.cc/s1FRg5pX/SH3546.jpg,DISPONIBLE
SH3772,H&S SH C.FUERTE RAIZ 375M,12 / 375 ML,1046.34,87.19,https://i.postimg.cc/fbSpJVRS/SH3772.jpg,DISPONIBLE
SH4340,H&S SH COMEZ/CASPA MENTA 650ML,10 / 650 ML,1331.2,133.12,https://i.postimg.cc/SK2j0nx2/SH4340.jpg,DISPONIBLE
SH2884,H&S SH LIMPIEZA RENOV 375ML,12 / 375 ML,1046.34,87.19,https://i.postimg.cc/mrgKRm0j/SH2884.jpg,DISPONIBLE
SH2890,H&S SH LIMPIEZA RENOVAD 2EN1 375ML,12 / 375 ML,1046.34,87.19,https://i.postimg.cc/8zDqXp4q/SH2890.jpg,DISPONIBLE
SH2897,H&S SH LIMPIEZA RENOVADORA 180ML,12 / 180 ML,497.04,41.42,https://i.postimg.cc/wvSrXg34/SH2897.jpg,OFERTA
SH3752,H&S SH LIMPIE.RENOV. 650ML,10 / 650 ML,1331.2,133.12,https://i.postimg.cc/C5CVdzJs/SH3752.jpg,DISPONIBLE
SH4146,H&S SH LIMP Y REVIT ACEITE DE ARGAN 650ML,10 / 650 ML,1230.21,123.02,https://i.postimg.cc/nzk123NN/SH4146.jpg,DISPONIBLE
SH3754,H&S SH MEN OLD SPICE 650ML,10 / 650 ML,1331.2,133.12,https://i.postimg.cc/L6Rpw36C/SH3754.jpg,DISPONIBLE
SH3760,H&S SH MEN 3EN1 650ML,10 / 650 ML,1331.2,133.12,https://i.postimg.cc/SRfwkHNZ/SH3760.jpg,DISPONIBLE
SH3527,H&S SH PURIFICACION C375M,12 / 375 ML,1046.34,87.19,https://i.postimg.cc/rwX8V2JJ/SH3527.jpg,DISPONIBLE
SH3753,H&S SH PROTEC. CAIDA 650ML,10 / 650 ML,1392.41,139.24,https://i.postimg.cc/HWbm6hH8/SH3753.jpg,DISPONIBLE
SH3757,H&S SH PUR.CAPILAR 650M,10 / 650 ML,1331.2,133.12,https://i.postimg.cc/mgpWcx3J/SH3757.jpg,DISPONIBLE
SH4534,H&S SH ROMERO ANTI-CAIDA 375ML,12 / 375 ML,1090.4,90.87,https://i.postimg.cc/3J1cJFWp/SH4534.jpg,DISPONIBLE
SH2886,H&S SH SUAVE MANEJABLE 2EN1 375ML,12 / 375 ML,1046.34,87.19,https://i.postimg.cc/zvg96391/SH2886.jpg,DISPONIBLE
SH2885,H&S SH W/ OLD SPICE 375ML,12 / 375 ML,1046.34,87.19,https://i.postimg.cc/tg5LM1Xz/SH2885.jpg,DISPONIBLE
SH4394,H&SH ANTI-RESEQUEDA 180 MLS.,12 / 180 ML,548.29,45.69,https://i.postimg.cc/6QX3cZZc/SH4394.jpg,DISPONIBLE
SH3986,SEDAL AC. CERAMIDAS 620M,12 / 620 ML,712.39,59.37,https://i.postimg.cc/W1mpV87P/SH3986.jpg,DISPONIBLE
SH1692,SEDAL C.P. RECONSTRU,12 / 300 ML,571.37,47.61,https://i.postimg.cc/RV2k71JV/SH1692.jpg,DISPONIBLE
SH1698,SEDAL C.P. ANTI SPONGE 300,12 / 300 ML,571.37,47.61,https://i.postimg.cc/sXfqjwqK/SH1698.jpg,DISPONIBLE
SH2799,SEDAL C.P. ANTI NUDOS 300M,12 / 300 ML,571.37,47.61,https://i.postimg.cc/sDSr00rZ/SH2799.jpg,DISPONIBLE
SH4392,SEDAL MASC. TRAT. CERAMIDAS,12 / 90 GR,201.03,16.75,https://i.postimg.cc/vmYd7swy/SH4392.jpg,DISPONIBLE
SH3983,SEDAL SH PREBIOTICOS 620M,12 / 620 ML,712.39,59.37,https://i.postimg.cc/c1YPkGQ3/SH3983.jpg,DISPONIBLE
SH4532,SEDAL SH 620ML+C.PEINAR 300ML,12 / 620 ML,748.64,62.39,https://i.postimg.cc/KvxW2HcX/SH4532.jpg,DISPONIBLE
SH3733,SEDAL SH SOS CERAMIDAS 300M,12 / 300 ML,488.59,40.72,https://i.postimg.cc/TYHCBHh6/SH3733.jpg,DISPONIBLE
SH3735,SEDAL SH RIZOS DEFINIDO 300M,12 / 300 ML,488.59,40.72,https://i.postimg.cc/xTSfYSgP/SH3735.jpg,DISPONIBLE
SH3973,SEDAL SH RESTAU.INST.620M,12 / 620 ML,712.39,59.37,https://i.postimg.cc/4xwDvvp5/SH3973.jpg,DISPONIBLE
SH3980,SEDAL SH HIDRATACION 620M,12 / 620 ML,712.39,59.37,https://i.postimg.cc/BbWkZmG4/SH3980.jpg,DISPONIBLE
SH1695,C.P. SEDAL CERAMIDAS,12 / 300 ML,571.37,47.61,https://i.postimg.cc/8zWqtFLd/SH1695.jpg,DISPONIBLE
SH1696,C.P. SEDAL LISO,12 / 300 ML,571.37,47.61,https://i.postimg.cc/LspG7HVc/SH1696.jpg,DISPONIBLE
SH1697,C.P. SEDAL RIZOS,12 / 300 ML,571.37,47.61,https://i.postimg.cc/nLGNf6RC/SH1697.jpg,DISPONIBLE
SH4507,DOVE FUERZA ANTI-CAIDA 400ML,12 / 400 ML,850.71,70.89,https://i.postimg.cc/FK8qXFzb/SH4507.jpg,DISPONIBLE
SH4162,SAVILE AC BIOTINA Y SABILA 700ML,12 / 700 ML,483.7,40.31,https://i.postimg.cc/jdKhrzQM/SH4162.jpg,DISPONIBLE
SH4164,SAVILE AC ALMENDRAS VIT E Y SABILA 700ML,12 / 700 ML,483.7,40.31,https://i.postimg.cc/BQgBZXm4/SH4164.jpg,DISPONIBLE
SH4166,SAVILE AC COLAGENO Y SABILA 700ML,12 / 700 ML,483.7,40.31,https://i.postimg.cc/PNGPnpJb/SH4166.jpg,DISPONIBLE
SH4168,SAVILE AC KERATINA Y SABILA 700ML,12 / 700 ML,483.7,40.31,https://i.postimg.cc/kX2Xn09M/SH4168.jpg,DISPONIBLE
SH4307,SAVILE AC. CELULAS MADRE 700ML,12 / 700 ML,483.7,40.31,https://i.postimg.cc/RV0L2QF4/SH4307.jpg,DISPONIBLE
SH4376,SAVILE AC FUSION SABILA+15 INGRED. 700ML,12 / 700 ML,483.7,40.31,https://i.postimg.cc/XNyMtLRn/SH4376.jpg,DISPONIBLE
SH4375,SAVILE FUSION SABILA+15 INGRED 700ML,12 / 700 ML,480.85,40.07,https://i.postimg.cc/J0PVzb77/SH4375.jpg,DISPONIBLE
SH2824,SAVILE SH BIOTINA 180 MLS.,12 / 180 ML,194.8,16.23,https://i.postimg.cc/wjQd9y3q/SH2824.jpg,OFERTA
SH3176,SAVILE SH COLAGENO 180M,12 / 180 ML,194.8,16.23,https://i.postimg.cc/8zKtdN0d/SH3176.jpg,OFERTA
SH4170,SAVILE SH LE/ALM/SAB 700M,12 / 700 ML,638.72,53.23,https://i.postimg.cc/SxhfWjdz/SH4170.jpg,DISPONIBLE
SH4180,SAVILE SH MEN/EU/SAB 700M,12 / 700 ML,783.67,65.31,https://i.postimg.cc/25jdKJPk/SH4180.jpg,DISPONIBLE
SH4182,SAVILE SH ACEITE DE ARGAN Y SABILA 700ML,12 / 700 ML,480.85,40.07,https://i.postimg.cc/0yXGmhg4/SH4182.jpg,DISPONIBLE
SH4184,SAVILE SH ALME/VE/SA 700M,12 / 700 ML,480.85,40.07,https://i.postimg.cc/G2HFcDL6/SH4184.jpg,DISPONIBLE
SH4188,SAVILE SH MIEL/SABIL.700M,12 / 700 ML,480.85,40.07,https://i.postimg.cc/ZYv826Dd/SH4188.jpg,DISPONIBLE
SH4190,SAVILE SH CHILE/SABI.700M,12 / 700 ML,480.85,40.07,https://i.postimg.cc/WbRGvtQf/SH4190.jpg,DISPONIBLE
SH4192,SAVILE SH BIOTINA/SA 700M,12 / 700 ML,480.85,40.07,https://i.postimg.cc/Yq11qM72/SH4192.jpg,DISPONIBLE
SH4193,SAVILE SH COLAGE/SAB 700M,12 / 700 ML,480.85,40.07,https://i.postimg.cc/dVwGhpQ2/SH4193.jpg,DISPONIBLE
SH4194,SAVILE SH KERATI/SAB 700M,12 / 700 ML,480.85,40.07,https://i.postimg.cc/Z5HppH01/SH4194.jpg,DISPONIBLE
SH4306,SAVILE SH CELULAS MADRE 700ML,12 / 700 ML,480.85,40.07,https://i.postimg.cc/5y2SRwVy/SH4306.jpg,DISPONIBLE
SH4522,SAVILE SH ACEITE ESEN LAV/SABILA 700ML,12 / 700 ML,480.85,40.07,https://i.postimg.cc/BbcwFxgD/SH4522.jpg,DISPONIBLE
SH4523,SAVILE SH ACEITES ESEN ROM/SABILA 700ML,12 / 700 ML,480.85,40.07,https://i.postimg.cc/DfqNRTTP/SH4523.jpg,DISPONIBLE
SH4362,SAVILE SH RECUP. REGEN. .PULPA SAVILA Y C.MADRE 180 ML,12 / 180 ML,194.8,16.23,https://i.postimg.cc/dVjxvYKQ/SH4362.jpg,DISPONIBLE
SP0488,YEMINA CODO LISO 220+PRO,20 / 220 GR,137.09,6.85,https://i.postimg.cc/9Mp6jvfL/SP0488.jpg,DISPONIBLE
SP0489,YEMINA CONCHA No.1,20 / 220 GR,137.09,6.85,https://i.postimg.cc/SNycPmk5/SP0489.jpg,DISPONIBLE
SP1066,YEMINA CODO LISO 2,24 / 200 GR,161.45,6.73,https://i.postimg.cc/fW8GqnpL/SP1066.jpg,DISPONIBLE
SP0487,YEMINA FIDEO MEDIANO MAS PROD,20 / 220 GR,137.09,6.85,https://i.postimg.cc/J0QZh2cP/SP0487.jpg,DISPONIBLE
SP1072,YEMINA FIDEO CAMBRAY PRECO,24 / 200 GR,161.45,6.73,https://i.postimg.cc/15JDhbzz/SP1072.jpg,DISPONIBLE
SP1076,YEMINA PLUMILLA 1,24 / 200 GR,161.45,6.73,https://i.postimg.cc/Lsk7zrjm/SP1076.jpg,DISPONIBLE
SP0486,YEMINA SPAGHETTI 220+PRO,20 / 220 GR,136.61,6.83,https://i.postimg.cc/HLGD0wK9/SP0486.jpg,DISPONIBLE
SP0397,BARILLA SPAGHET. No.5 500GR,25 / 500 GR,552.26,22.09,https://i.postimg.cc/FKJFNstD/SP0397.jpg,OFERTA
SP0465,BARILLA LASAGNA COLLEZIEONE 1,12 / 250 GR,427.07,35.59,https://i.postimg.cc/T3BG7Mym/SP0465.jpg,OFERTA
SP0499,BARILLA MINI FUSILLI,14 / 250 GR,155.69,11.12,https://i.postimg.cc/x1CWCRbQ/SP0499.jpg,OFERTA
SP0705,BARILLA MINI TORTIGLIONI,16 / 250 GR,178.01,11.13,https://i.postimg.cc/Rh4YzQzj/SP0705.jpg,OFERTA
SP0795,NISSIN RAMEN BIRRIA 85GR,12 / 85 GR,137.24,11.44,https://i.postimg.cc/nVyRnv1K/SP0795.jpg,OFERTA
SP0476,DONDE FIDEOS 180 GRS.,24 / 180 GR,247.62,10.32,https://i.postimg.cc/g2Lb6SM0/SP0476.jpg,OFERTA
SP0735,KNORR CODITOS 95 GR.,12 / 95 GR,214.72,17.89,https://i.postimg.cc/zvCyZB8R/SP0735.jpg,OFERTA
SP0729,KNORR FIDEO CON POLLO,12 / 95 GR,214.72,17.89,https://i.postimg.cc/449NxXfC/SP0729.jpg,OFERTA
SP0741,KNORR MICKEY 95 GR,12 / 95 GR,228.43,19.04,https://i.postimg.cc/c4WK7Qcy/SP0741.jpg,OFERTA
SP0734,KNORR MUNICIONES,12 / 95 GR,228.43,19.04,https://i.postimg.cc/Y9mk0xw4/SP0734.jpg,OFERTA
SP0129,KNORR SOPA FIDEO,12 / 95 GR,213.94,17.83,https://i.postimg.cc/6QS7fmK1/SP0129.jpg,OFERTA
SP0130,KNORR SOPA ESTRELLITAS,12 / 95 GR,213.94,17.83,https://i.postimg.cc/NFv5W256/SP0130.jpg,OFERTA
SP0136,KNORR SOPA LETRAS,12 / 95 GR,213.94,17.83,https://i.postimg.cc/ZRdW7xKY/SP0136.jpg,OFERTA
SR0403,ENSUEÑO ZERO ENJ. MAX 9 L,9 / LT,228.42,25.38,https://i.postimg.cc/x8tD2B60/SR0403.jpg,DISPONIBLE
SR0596,ENSUEÑO COLOR FRESCURA PRIMAVERAL 1.6LT,12 / 1.6 LT,496.02,41.34,https://i.postimg.cc/mkcNLHwt/SR0596.jpg,DISPONIBLE
SR0782,ENSUEÑO FRESCURA PRIMAVERAL 1LT,12 / 1 LT,290.78,24.23,https://i.postimg.cc/6Q5HsTDG/SR0782.jpg,OFERTA
SR0906,ENSUEÑO ROCIO VIOLETA 1LT,12 / 1 LT,290.78,24.23,https://i.postimg.cc/hv98QqkB/SR0906.jpg,OFERTA
SR0925,ENSUEÑO FRESCURA AZUL 1LT,12 / 1 LT,290.78,24.23,https://i.postimg.cc/7Yw0tjv5/SR0925.jpg,OFERTA
SR0931,ENSUEÑO FRESCURA AZUL 5.1L,3 / 5.1 LT,428.61,142.87,https://i.postimg.cc/R0kn7DQV/SR0931.jpg,DISPONIBLE
SR0955,ENSUEÑO ARGAN+MAND 5.1L,3 / 5.1 LT,411.3,137.1,https://i.postimg.cc/QdC1XSBJ/SR0955.jpg,DISPONIBLE
SR0965,ENSUEÑO COLOR TURQUESA 1LT,12 / 1 LT,239.62,19.97,https://i.postimg.cc/0yJkY2tD/SR0965.jpg,OFERTA
SR0989,ENSUEÑO JARDIN FRESCO 1LT,12 / 1 LT,239.62,19.97,https://i.postimg.cc/kXL9gPn4/SR0989.jpg,OFERTA
SR0228,ENSUEÑO COLOR FRESCURA PRIMAVERAL 850ML,12 / 850 ML,275.67,22.97,https://i.postimg.cc/9QfXrY98/SR0228.jpg,OFERTA
SR0237,ENSUEÑO COLOR FRESCO VERANO 850ML,12 / 850 ML,275.67,22.97,https://i.postimg.cc/YSGpx2bQ/SR0237.jpg,OFERTA
SR0238,ENSUEÑO ROCIO VIOLETAS 850ML,12 / 850 ML,290.78,24.23,https://i.postimg.cc/k4Wqk1r4/SR0238.jpg,OFERTA
SR0239,ENSUEÑO FRESCA ARMONIA 850ML,12 / 850 ML,290.78,24.23,https://i.postimg.cc/hGkKZF56/SR0239.jpg,OFERTA
SR0240,ENSUEÑO FRESCURA PRIMAVERAL 850ML,12 / 850 ML,290.78,24.23,https://i.postimg.cc/gjdmdVdK/SR0240.jpg,OFERTA
SR0241,ENSUEÑO SENSACION NATURAL 850ML,12 / 850 ML,290.78,24.23,https://i.postimg.cc/yxPBND8C/SR0241.jpg,OFERTA
SR0242,ENSUEÑO BEBE 850ML,12 / 850 ML,290.78,24.23,https://i.postimg.cc/NG7QDz7C/SR0242.jpg,OFERTA
SR0278,ENSUEÑO FRESCO VERANO 850ML,12 / 850 ML,290.78,24.23,https://i.postimg.cc/vTpZ9zMY/SR0278.jpg,OFERTA
SR0338,ENSUEÑO PEPINO BAMBU 850ML,12 / 850 ML,290.78,24.23,https://i.postimg.cc/VkTw5Qmv/SR0338.jpg,OFERTA
SR0344,ENSUEÑO AVENA ALMENDRAS 850ML,12 / 850 ML,290.78,24.23,https://i.postimg.cc/jj7b7gSX/SR0344.jpg,OFERTA
SR0485,ENSUEÑO ROCIO VIOLETA 450ML,12 / 450 ML,194.65,16.22,https://i.postimg.cc/PqZgxCSV/SR0485.jpg,OFERTA
SR0486,ENSUEÑO BEBE 450ML,12 / 450 ML,194.65,16.22,https://i.postimg.cc/63XDGBSW/SR0486.jpg,OFERTA
SR0487,ENSUEÑO FRESCURA PRIMAVERAL 450ML,12 / 450 ML,194.65,16.22,https://i.postimg.cc/rshbbxps/SR0487.jpg,OFERTA
SR0488,ENSUEÑO FRESCO VERANO 450ML,12 / 450 ML,194.65,16.22,https://i.postimg.cc/3r9Pd5Zh/SR0488.jpg,OFERTA
SR0489,ENSUEÑO COLOR FRESCURA PRIMAVERAL 450ML,12 / 450 ML,200.55,16.71,https://i.postimg.cc/85mxRqQh/SR0489.jpg,OFERTA
SR0526,ENSUEÑO COCO 850ML,12 / 850 ML,290.78,24.23,https://i.postimg.cc/Mpf4PcJZ/SR0526.jpg,OFERTA
SR0573,ENSUEÑO ARGAN MANDARINA,12 / 850 ML,290.78,24.23,https://i.postimg.cc/HL46RXZm/SR0573.jpg,OFERTA
SR0784,ENSUEÑO LAVANDA MORA 850ML,12 / 850 ML,290.78,24.23,https://i.postimg.cc/43LWXsg2/SR0784.jpg,OFERTA
SR0797,ENSUEÑO FRESCURA AZUL 850ML,12 / 850 ML,290.78,24.23,https://i.postimg.cc/8zwHbNjk/SR0797.jpg,OFERTA
SR0904,ENSUEÑO F PRI 850M+2 450M,12 / 850 ML,290.78,24.23,https://i.postimg.cc/bJS98nLd/SR0904.jpg,OFERTA
SR0920,ENSUEÑO LICHIE ARGAN 850ML,12 / 850 ML,290.78,24.23,https://i.postimg.cc/3RGmzTJv/SR0920.jpg,OFERTA
SR0945,ENSUEÑO FRESCURA PRIMAVERAL 850ML,8 / 850 ML,169.62,21.2,https://i.postimg.cc/W3chFJTd/SR0945.jpg,OFERTA
SR0946,ENSUEÑO ULTRA 7EN1,12 / 740 ML,282.63,23.55,https://i.postimg.cc/XqVqxSZ3/SR0946.jpg,OFERTA
SR0948,ENSUEÑO ULTRA FRESCURA PRIMAVERAL 740ML,12 / 740 ML,282.61,23.55,https://i.postimg.cc/ZYcCnRgq/SR0948.jpg,OFERTA
SR1122,ENSUEÑO VITAL RENACER 730ML,12 / 730 ML,222.17,18.51,https://i.postimg.cc/s2FhmZ2s/SR1122.jpg,OFERTA
SR1126,ENSUEÑO MAX 12+4 GRT 850ML,16 / 850 ML,290.78,18.17,https://i.postimg.cc/m2FQRBgH/SR1126.jpg,OFERTA
SR0116,SUAVITEL PRIMAVERAL,12 / 1 LT,303.68,25.31,https://i.postimg.cc/Qd6tbysZ/SR0116.jpg,OFERTA
SR0119,SUAVITEL PRIMAVERAL3LT,4 / 3 LT,443.93,110.98,https://i.postimg.cc/0QSy95S9/SR0119.jpg,DISPONIBLE
SR0346,SUAVITEL MOM. ABRAZO AMOR 1.3LT,12 / 1.3 LT,820.88,68.41,https://i.postimg.cc/d1cKm27K/SR0346.jpg,DISPONIBLE
SR0493,SUAVITEL SOL 3 LTS.,6 / 3 LT,443.93,73.99,https://i.postimg.cc/jd5Bfg87/SR0493.jpg,DISPONIBLE
SR0792,SUAVITEL COMP. ACQUA 2.8LT,4 / 2.8 LT,514.05,128.51,https://i.postimg.cc/7PTKrFQX/SR0792.jpg,DISPONIBLE
SR0793,SUAVITEL COMP.FR.PRI.2.8L,4 / 2.8 LT,513.76,128.44,https://i.postimg.cc/KvSJG06b/SR0793.jpg,DISPONIBLE
SR0923,SUAVITEL MOM. ABRAZOS DE AMOR 2.8LT,4 / 2.8 LT,503.2,125.8,https://i.postimg.cc/tRhF5pc0/SR0923.jpg,DISPONIBLE
SR0954,SUAVITEL COM. FRESCA PRIMAVERA 1.3LT,8 / 1.3 LT,367.32,45.92,https://i.postimg.cc/sXzgDd4S/SR0954.jpg,DISPONIBLE
SR1137,SUAVITEL CUID. SUP. AROMA SOL 1LT,12 / 1 LT,309,25.75,https://i.postimg.cc/y8MqtprY/SR1137.jpg,OFERTA
SR0417,SUAVITEL SOL 450ML,12 / 450 ML,198.22,16.52,https://i.postimg.cc/pXLMZXdy/SR0417.jpg,OFERTA
SR0419,SUAVITEL PRIMAVERAL AP. 450ML,12 / 450 ML,276.08,23.01,https://i.postimg.cc/X71SDSZL/SR0419.jpg,OFERTA
SR0420,SUAVITEL PRIMAVERAL 450ML,12 / 450 ML,198.22,16.52,https://i.postimg.cc/52Hch7LV/SR0420.jpg,OFERTA
SR0956,SUAVITEL COM. FRESCA PRIMAVERA 700ML,12 / 700 ML,296.79,24.73,https://i.postimg.cc/ZRLKW7wQ/SR0956.jpg,OFERTA
SR0957,SUAVITEL COM. AROMA SOL 700ML,12 / 700 ML,296.79,24.73,https://i.postimg.cc/q7y7TMy4/SR0957.jpg,OFERTA
SR0958,SUAVITEL COM. ACQUA 700ML,12 / 700 ML,296.79,24.73,https://i.postimg.cc/rm149jCb/SR0958.jpg,OFERTA
SR0959,SUAVITEL COM. ANOCHECER 700ML,12 / 700 ML,296.79,24.73,https://i.postimg.cc/7PmZDRGG/SR0959.jpg,OFERTA
SR0963,SUAVITEL COM. FRESCA PRIMAVERA +3GT 700ML,15 / 700 ML,303.24,20.22,https://i.postimg.cc/kXHMRty7/SR0963.jpg,OFERTA
SR0983,SUAVITEL MOM. ABRAZOS DE AMOR 650ML,12 / 650 ML,227.61,18.97,https://i.postimg.cc/FzRm79df/SR0983.jpg,OFERTA
SR1117,SUAVITEL ACQUA FRAG. FRESCA Y DEL. 900ML,12 / 900 ML,212.62,17.72,https://i.postimg.cc/tgtDcfWy/SR1117.jpg,OFERTA
SR1132,SUAVITEL AROMA SOL C.SUPERIOR 750ML,12 / 750 ML,303.02,25.25,https://i.postimg.cc/wMgTkN3Y/SR1132.jpg,OFERTA
SR1130,SUAVITEL BEBE HIPOALERGENICO 750ML,12 / 750 ML,303.02,25.25,https://i.postimg.cc/5yg9KtFv/SR1130.jpg,OFERTA
SR1133,SUAVITEL F.PRIMAVERA C.SUPERIOR 750ML,12 / 750 ML,309.03,25.75,https://i.postimg.cc/Dz4ZfFRM/SR1133.jpg,OFERTA
SR1129,SUAVITEL ANOCHECER CUID SUP 750 MLS.,12 / 750 ML,303.02,25.25,https://i.postimg.cc/gc15HsKQ/SR1129.jpg,OFERTA
SR0299,VEL ROSITA 1LT,12 / 1 LT,1004.65,83.72,https://i.postimg.cc/nhMZHc8N/SR0299.jpg,DISPONIBLE
SR0416,VEL ROSITA 450ML,12 / 450 ML,339.18,28.27,https://i.postimg.cc/qBLdyC49/SR0416.jpg,OFERTA
SR0508,VEL ROSITA DOY-PACK 500ML,18 / 500 ML,628.88,34.94,https://i.postimg.cc/9FnKYdSN/SR0508.jpg,OFERTA
SR0759,PRINCESA SUAV. SOLEADA PRIMAVERA,12 / 750 ML,204.03,17,https://i.postimg.cc/hGp9VrZX/SR0759.jpg,OFERTA
SR0761,PRINCESA SUAV. BEBE 750ML,12 / 750 ML,204.03,17,https://i.postimg.cc/0Q4DBNsx/SR0761.jpg,OFERTA
SR0982,PRINCESA SUAV. ARGAN VAINILLA,12 / 750 ML,232.72,19.39,https://i.postimg.cc/LXv29qXK/SR0982.jpg,OFERTA
SR0967,CARISMA LIQUIDO 500 MLS.,12 / 500 ML,222.82,18.57,https://i.postimg.cc/RFhrYWmq/SR0967.jpg,DISPONIBLE
SR0915,DOWNY AMANECER 2.8LTS.,6 / 2.8 LT,729.7,121.62,https://i.postimg.cc/zGdCg7cV/SR0915.jpg,DISPONIBLE
SR0928,DOWNY ELEGANCE 2.6 LTS.,6 / 2.6 LT,692.46,115.41,https://i.postimg.cc/DzJXbTGM/SR0928.jpg,DISPONIBLE
SR0995,DOWNY INTENSE FLORAL 567ML,12 / 567 ML,291.37,24.28,https://i.postimg.cc/Pf3T0891/SR0995.jpg,OFERTA
SR0996,DOWNY INTENSE AMANECER 567ML,12 / 567 ML,286.38,23.86,https://i.postimg.cc/SNnk4xb3/SR0996.jpg,OFERTA
SR0997,DOWNY INTENSE EXOTICO 567ML,12 / 567 ML,275.51,22.96,https://i.postimg.cc/d0zCZR8B/SR0997.jpg,OFERTA
SR0579,DOWNY LE AROM.FLORAL 2.8L,6 / 2.8 LT,647.21,107.87,https://i.postimg.cc/V6KDL1PH/SR0579.jpg,OFERTA
SR0589,DOWNY LE TAN.PASSION 750M,9 / 750 ML,293.35,32.59,https://i.postimg.cc/mrwS8Rk2/SR0589.jpg,OFERTA
SR0590,DOWNY LE LUN.ROMANCE 750M,9 / 750 ML,293.35,32.59,https://i.postimg.cc/nzhGW59K/SR0590.jpg,OFERTA
SR0591,DOWNY LE BL.ELEGANCE 750M,9 / 750 ML,259.31,28.81,https://i.postimg.cc/W3Ywcn0B/SR0591.jpg,OFERTA
SR0927,DOWNY PASSION 2.6 LTS.,6 / 2.6 LT,737.64,122.94,https://i.postimg.cc/wjBJgJjH/SR0927.jpg,DISPONIBLE
SR0918,DOWNY ROMANCE 2.65L,6 / 2.6 LT,737.64,122.94,https://i.postimg.cc/DzH1CZFh/SR0918.jpg,DISPONIBLE
SR0774,DOWNY SUAVE GENTIL 2.8L,6 / 2.8 LT,730.32,121.72,https://i.postimg.cc/vZvPS5Ss/SR0774.jpg,DISPONIBLE
SR1113,DOWNY SUAVE Y GENTIL 730ML,9 / 730 ML,222.46,24.72,https://i.postimg.cc/kM87qBg2/SR1113.jpg,OFERTA
SR0940,BOLD 3 FOLRES P.1L,12 / 1 LT,307.37,25.61,https://i.postimg.cc/FsrkVccc/SR0940.jpg,DISPONIBLE
SR1114,BOLD 3 FLOR DE ALGODÓN 1LT,12 / 1 LT,307.37,25.61,https://i.postimg.cc/vZS258rF/SR1114.jpg,DISPONIBLE
SR1115,BOLD 3 FLOR DE ALGODÓN 3LT,4 / 3 LT,303.63,75.91,https://i.postimg.cc/yYBfnTBm/SR1115.jpg,DISPONIBLE
SR0939,BOLD 3 SUAVE F.1L,12 / 1 LT,307.37,25.61,https://i.postimg.cc/c4Fg9HMz/SR0939.jpg,DISPONIBLE
SS0646,DEL MONTE CATSUP SQU.650G,12 / 650 GR,325.3,27.11,https://i.postimg.cc/QVG6vm3X/SS0646.jpg,DISPONIBLE
SS0647,DEL MONTE CATSUP SQUEEZE 900GR,12 / 900 GR,435.22,36.27,https://i.postimg.cc/59YfdtVG/SS0647.jpg,DISPONIBLE
SS1508,DEL MONTE SALSA TAQUERA 210GR,24 / 210 GR,285.39,11.89,https://i.postimg.cc/d3KHxnvJ/SS1508.jpg,OFERTA
SS1509,DEL MONTE SALSA VERDE 210GR,24 / 210 GR,285.39,11.89,https://i.postimg.cc/fyj2nXTm/SS1509.jpg,OFERTA
SS1542,DEL MONTE CATSUP SQUEEZE 220GR,24 / 220 GR,289.91,12.08,https://i.postimg.cc/7Ywt1BmV/SS1542.jpg,DISPONIBLE
SS0146,HUNT´S 4 QUESOS 360GR,24 / 360 GR,640.57,26.69,https://i.postimg.cc/TPJX0ynL/SS0146.jpg,DISPONIBLE
SS0145,HUNT´S CHAMPIÑONES PARA PASTA 360GR,24 / 360 GR,651.7,27.15,https://i.postimg.cc/NMsQ3Nn0/SS0145.jpg,DISPONIBLE
SS0942,HUNTS BBQ ORIGINAL 550GR,12 / 550 GR,558.63,46.55,https://i.postimg.cc/W3VJJFMx/SS0942.jpg,DISPONIBLE
SS0635,HUNTS ESTILO BOLOGNESA 500GR,12 / 500 GR,427.87,35.66,https://i.postimg.cc/ydGpyBp3/SS0635.jpg,DISPONIBLE
SS0649,HUNTS ESTILO BOLOGNESA 360GR,24 / 360 GR,650.02,27.08,https://i.postimg.cc/XvVWmmYf/SS0649.jpg,DISPONIBLE
SS0941,HUNTS ORIGINAL 305GR,24 / 305 GR,634.4,26.43,https://i.postimg.cc/Rh34GtVd/SS0941.jpg,DISPONIBLE
SS0810,HUNTS PIZZA 360GR,24 / 360 GR,644.3,26.85,https://i.postimg.cc/L8P4LgfM/SS0810.jpg,DISPONIBLE
SS0574,LA COSTEÑA SALSA CASERA 220GR,24 / 220 GR,230.37,9.6,https://i.postimg.cc/sxB8k1GJ/SS0574.jpg,OFERTA
SS0625,LA COSTEÑA SALSA HABANERO 220GR,24 / 220 GR,339.08,14.13,https://i.postimg.cc/tTdG8KLC/SS0625.jpg,DISPONIBLE
SS0860,FRANKS RED HOT SPICE BBQ,12 / 575 GR,601.62,50.14,https://i.postimg.cc/9M57YhLL/SS0860.jpg,DISPONIBLE
SS3802,EMBASA S. CATSUP 380GR,24 / 380 GR,213.82,8.91,https://i.postimg.cc/kG9sc4F4/SS3802.jpg,OFERTA
SS3803,EMBASA S. CATSUP 1KG,12 / 1 KG,295.08,24.59,https://i.postimg.cc/PJ44Fj2M/SS3803.jpg,OFERTA
SS1848,BUFALO CLASICA PET 150 GRS.,24 / 150 GR,297.02,12.38,https://i.postimg.cc/2jF6pTTd/SS1848.jpg,DISPONIBLE
SS0802,BUFALO S. HABANERO 144GR,24 / 144 GR,385.42,16.06,https://i.postimg.cc/SsY35JMf/SS0802.jpg,OFERTA
SS0149,HERDEZ CASERA DE CHIPOTLE 210 GRS.,24 / 210 GR,318.95,13.29,https://i.postimg.cc/pLyXFvvY/SS0149.jpg,DISPONIBLE
SS0934,HERDEZ GUACAMOLE 445G+GUACAMOLE PICANTE 440+SARTEN,4 / 3 UNI,540.72,135.18,https://i.postimg.cc/Ssw05cJX/SS0934.jpg,DISPONIBLE
SS0533,HERDEZ S. GUACAMOLE NAC. FCO 240GR,6 / 240 GR,146.73,24.46,https://i.postimg.cc/R0Rjfkzw/SS0533.jpg,OFERTA
SS0615,HERDEZ S. GUACAMOLE 445GR,12 / 445 GR,467.25,38.94,https://i.postimg.cc/q7kFk1Cq/SS0615.jpg,DISPONIBLE
SS0623,HERDEZ S. TAQUERA FCO 240GR,12 / 240 GR,253.01,21.08,https://i.postimg.cc/FKDB10jZ/SS0623.jpg,DISPONIBLE
SS0655,HERDEZ S. CASERA FCO 240GR,12 / 240 GR,219.81,18.32,https://i.postimg.cc/wTDHMb3Q/SS0655.jpg,DISPONIBLE
SS0778,HERDEZ S. GUACAMOLE PICANTE 240GR,6 / 240 GR,148.05,24.68,https://i.postimg.cc/vHwFJLXg/SS0778.jpg,DISPONIBLE
SS0779,HERDEZ S. VERDE FCO 240GR,12 / 240 GR,219.81,18.32,https://i.postimg.cc/02GRPMHt/SS0779.jpg,DISPONIBLE
SS0784,HERDEZ S. CASERA LTA 210GR,24 / 210 GR,204.58,8.52,https://i.postimg.cc/nLz64dV5/SS0784.jpg,OFERTA
SS1603,HERDEZ S. VERDE LTA 210GR,48 / 210 GR,512.05,10.67,https://i.postimg.cc/vZSPsGMq/SS1603.jpg,OFERTA
SS1634,HERDEZ S. CASERA FCO. 453GR,12 / 453 GR,355.32,29.61,https://i.postimg.cc/MpGsNnkf/SS1634.jpg,DISPONIBLE
SS1636,HERDEZ S. TAQUERA FCO. 453GR,12 / 453 GR,355.32,29.61,https://i.postimg.cc/tgK2sDsF/SS1636.jpg,DISPONIBLE
SS0811,LA ANITA HABANERO VERDE 150ML,24 / 150 ML,461.21,19.22,https://i.postimg.cc/RVBysCVw/SS0811.jpg,DISPONIBLE
SS0812,LA ANITA HABANERO ROJA 150ML,24 / 150 ML,461.21,19.22,https://i.postimg.cc/dtjXzMLp/SS0812.jpg,DISPONIBLE
SS0593,MAGGI JUGO SAZONADOR 45M,24 / 45 ML,416.7,17.36,https://i.postimg.cc/Prw9KpjX/SS0593.jpg,DISPONIBLE
SS0637,MAGGI JUGO SAZONADOR INST. 800ML,6 / 800 ML,1366.99,227.83,https://i.postimg.cc/L5ZCy7GC/SS0637.jpg,DISPONIBLE
SS0284,CROSSE & BLACKWELL ING 145ML,12 / 145 ML,449.26,37.44,https://i.postimg.cc/TY5MSNrX/SS0284.jpg,OFERTA
SS0687,CHAMOY MEGA ORIGINAL 370 GRS.,24 / 370 GR,364.47,15.19,https://i.postimg.cc/vH0ZTBJG/SS0687.jpg,OFERTA
SS0850,CHAMOY MEGA PICOSITO AGRIDULCE 1 KGS.,12 / 1 KG,439.34,36.61,https://i.postimg.cc/WbN4srHc/SS0850.jpg,OFERTA
SS5903,MEGA CHAMOY 1KG,12 / 1 KG,362.48,30.21,https://i.postimg.cc/pTNVWH0z/SS5903.jpg,OFERTA
SS5904,MEGA CHAMOY 500ML,24 / 500 ML,470.4,19.6,https://i.postimg.cc/Przk3rJS/SS5904.jpg,OFERTA
SS0851,BOTANERA CHILE POLVO,12 / 170 GR,388.22,32.35,https://i.postimg.cc/ZnyFY4Km/SS0851.jpg,OFERTA
SS2201,BOTANERA CLASICA PICANTE 500GR,24 / 500 GR,346.95,14.46,https://i.postimg.cc/MKHdVkfs/SS2201.jpg,OFERTA
SS0291,BOTANERA CLASICA PICANTE 370GR,24 / 370 GR,349.42,14.56,https://i.postimg.cc/y6vz0Kj6/SS0291.jpg,OFERTA
SS2203,BOTANERA CLASICA PICANTE 1KG,12 / 1 KG,275.14,22.93,https://i.postimg.cc/T3W0Nr9g/SS2203.jpg,OFERTA
SS0890,HABANERISIMA NARANJA,12 / 148 ML,195.09,16.26,https://i.postimg.cc/HnR8K5Xc/SS0890.jpg,DISPONIBLE
SS0891,HABANERISIMA ASADA,12 / 148 ML,195.09,16.26,https://i.postimg.cc/ZKvdN7zr/SS0891.jpg,DISPONIBLE
SS0147,CLEMENTE J. CATSUP 220GR,24 / 220 GR,286.41,11.93,https://i.postimg.cc/509WRxmP/SS0147.jpg,OFERTA
SS0314,CLEMENTE J.CATSUP 340GR,24 / 340 GR,378.47,15.77,https://i.postimg.cc/q70PNkWk/SS0314.jpg,OFERTA
SS0303,CLEMENTE J.CATSUP 3KG,6 / 3 KG,598.71,99.79,https://i.postimg.cc/jSzVqWgg/SS0303.jpg,OFERTA
SS0596,CLEMENTE J. CATSUP 4K,4 / 4 KG,365.83,91.46,https://i.postimg.cc/XY6hPjjw/SS0596.jpg,OFERTA
SV0177,NISSIN CUP CAMARON FUEGO CHILE LIMON ,12 / 70 GR,161.07,13.42,https://i.postimg.cc/VsjsjdSs/SV0177.jpg,OFERTA
SV0179,NISSIN CUP BIRRIA ,12 / 70 GR,156.17,13.01,https://i.postimg.cc/fTzsm5nt/SV0179.jpg,OFERTA
SV0182,NISSIN CUP QUESO JALAPEÑO 70GR,12 / 70 GR,156.17,13.01,https://i.postimg.cc/QtL5hqtC/SV0182.jpg,OFERTA
SV0604,NISSIN CUP RES,12 / 64 GR,154.36,12.86,https://i.postimg.cc/NGpmVpQb/SV0604.jpg,OFERTA
SV0187,NISSIN CUP CAMARON HABANERO 68GR,12 / 68 GR,161.7,13.48,https://i.postimg.cc/j27Mz5Rk/SV0187.jpg,OFERTA
SV0190,NISSIN CUP HOT SAUCE CAMARON 68GR,12 / 68 GR,165.5,13.79,https://i.postimg.cc/hjwCzxRQ/SV0190.jpg,OFERTA
SV0192,NISSIN CUP CAMARON PICANTE 68 GRS.,12 / 68 GR,160.15,13.35,https://i.postimg.cc/DZ1zwchV/SV0192.jpg,OFERTA
SV0193,NISSIN CUP CAMARON 68 GRS.,12 / 68 GR,160.15,13.35,https://i.postimg.cc/rp0mvkYJ/SV0193.jpg,OFERTA
SV0189,NISSIN CUP HOT SAUCE POLLO 68 GRS.,12 / 68 GR,160.15,13.35,https://i.postimg.cc/Rh9Z6nCT/SV0189.jpg,OFERTA
SV0188,NISSIN CUP POLLO 68 GRS.,12 / 68 GR,160.15,13.35,https://i.postimg.cc/C5NLjLdv/SV0188.jpg,OFERTA
SV0135,NISSIN POLLO HABANERO,12 / 64 GR,154.36,12.86,https://i.postimg.cc/02WrfCp5/SV0135.jpg,OFERTA
TE0610,ARIZONA SANDIA 570 ML,24 / 570 ML,454.74,18.95,https://i.postimg.cc/2ymsbHTw/TE0610.jpg,OFERTA
TE0612,ARIZONA MANGO 570 ML,24 / 570 ML,454.74,18.95,https://i.postimg.cc/C5MV4VdB/TE0612.jpg,OFERTA
TE0613,ARIZONA KIWI-FRESA 570 ML,24 / 570 ML,454.74,18.95,https://i.postimg.cc/GtMn7SsM/TE0613.jpg,OFERTA
TE0614,ARIZONA TE VERDE 570 ML,24 / 570 ML,454.74,18.95,https://i.postimg.cc/CMJ0xd6j/TE0614.jpg,OFERTA
TE0615,ARIZONA PONCHE FRUTAS 570 ML,24 / 570 ML,454.74,18.95,https://i.postimg.cc/SRrwWWvp/TE0615.jpg,OFERTA
TE0109,TE MCCORMICK MANZANILLA,24 / 25 UNI,486.84,20.29,https://i.postimg.cc/Ss6zZv5k/TE0109.jpg,DISPONIBLE
TE0142,TE MCCORMICK NEGRO 1.5G,24 / 25 UNI,705.05,29.38,https://i.postimg.cc/FzBfKCR4/TE0142.jpg,DISPONIBLE
TE0581,TE MCCORMICK JENGIBRE-LIMON 35G,24 / 25 UNI,814.12,33.92,https://i.postimg.cc/bwrwzj58/TE0581.jpg,DISPONIBLE
TE0587,TE MCCORMICK MANZANILLA 1.2 GR,24 / 25 UNI,422.77,17.62,https://i.postimg.cc/7LfntY8V/TE0587.jpg,DISPONIBLE
TF0216,SABA AMORE REG S/A,10 / 8 UNI,97.34,9.73,https://i.postimg.cc/PxFfbpkb/TF0216.jpg,OFERTA
TF0218,SABA AMORE REG C/A,8 / 8 UNI,87.9,10.99,https://i.postimg.cc/yxg1L1VM/TF0218.jpg,OFERTA
TF0575,SABA AMORE NOCTURNA,10 / 8 UNI,137.44,13.74,https://i.postimg.cc/y8JDWgfR/TF0575.jpg,OFERTA
TF0767,SABA BUENAS NOCHES EXTRA C/A,14 / 8 UNI,354.98,25.36,https://i.postimg.cc/Vvn6Yf3j/TF0767.jpg,OFERTA
TF0934,SABA BUENAS NOCHES C/A,16 / 12 UNI,657.13,41.07,https://i.postimg.cc/02CkZBx2/TF0934.jpg,OFERTA
TF0956,SABA BUENAS NOCHES DESP.,6 / 24 UNI,357.2,59.53,https://i.postimg.cc/wjf6YR7C/TF0956.jpg,OFERTA
TF2180,SABA BUENAS NOCHES 14/8,14 / 8 UNI,295.26,21.09,https://i.postimg.cc/j2mz1SyP/TF2180.jpg,OFERTA
TF0924,SABA CLIP DESPACH.,6 / 42 UNI,383.27,63.88,https://i.postimg.cc/Ghs1PYCd/TF0924.jpg,OFERTA
TF2178,SABA CLIP 14/10,14 / 10 UNI,207.55,14.82,https://i.postimg.cc/ZRfPrcRf/TF2178.jpg,OFERTA
TF0176,SABA CONFORT DELGADA C/A,10 / 10 UNI,186.11,18.61,https://i.postimg.cc/k45XtNLX/TF0176.jpg,OFERTA
TF0938,SABA CONF. NOCTURNA EXTRA C/A,10 / 8 UNI,164.03,16.4,https://i.postimg.cc/2S8zt78d/TF0938.jpg,OFERTA
TF1005,SABA CONF. MZNILL. REG S/A,10 / 10 UNI,138.73,13.87,https://i.postimg.cc/0yBqBg4x/TF1005.jpg,OFERTA
TF1006,SABA CONF. MANZ. REG C/A,10 / 10 UNI,173.73,17.37,https://i.postimg.cc/HL8CGZGM/TF1006.jpg,OFERTA
TF2179,SABA INTIMA 14/10,14 / 10 UNI,166.65,11.9,https://i.postimg.cc/2yVQTZLC/TF2179.jpg,OFERTA
TF0923,SABA INVISIBLE DESPACHADOR C/A,6 / 42 UNI,402.76,67.13,https://i.postimg.cc/4NG46TDS/TF0923.jpg,OFERTA
TF1064,SABA INVISIBLE C/A,12 / 10 UNI,197.86,16.49,https://i.postimg.cc/6pRBDdjM/TF1064.jpg,OFERTA
TF0342,SABA PANTY CONFORT MANZ.,36 / 24 UNI,608.48,16.9,https://i.postimg.cc/T24y3FTY/TF0342.jpg,OFERTA
TF1086,SABA PARCHE TERMICO 20x1s Tiras,2 / 10 UNI,368.44,184.22,https://i.postimg.cc/rssMyc6r/TF1086.jpg,OFERTA
TF0985,SABA TEENS NOCTURNA C/A.,12 / 10 UNI,336.84,28.07,https://i.postimg.cc/nV4pcPXY/TF0985.jpg,OFERTA
TF0892,SABA ULTRA INVISIBLE ULTRADELGADA C/A,10 / 10 UNI,232.21,23.22,https://i.postimg.cc/rsXVY6Kz/TF0892.jpg,OFERTA
TF1036,SABA ULTRA DELGADA NOCT,9 / 22 UNI,506.79,56.31,https://i.postimg.cc/NMGj7GC8/TF1036.jpg,OFERTA
TF1145,FEMENINE DUAL EXTRA LARGA 8UNI.,24 / 8 UNI,1180.19,49.17,https://i.postimg.cc/G2hnHXbb/TF1145.jpg,DISPONIBLE
TF0532,KOTEX NAT. MANZ. S/A 10S,10 / 10 UNI,181.26,18.13,https://i.postimg.cc/PrxVDJDc/TF0532.jpg,DISPONIBLE
TF1077,KOTEX NAT. MANZ. NOCTURNA C/A 36S,6 / 36 UNI,306.06,51.01,https://i.postimg.cc/RCXpR7yx/TF1077.jpg,DISPONIBLE
TF1152,KOTEX NOCTURNA C/A 8S,10 / 8 UNI,222,22.2,https://i.postimg.cc/9fbqyGsT/TF1152.jpg,DISPONIBLE
TF1148,KOTEX NOCTURNA EX LARGA C/A+3 TOALLAS,10 / 11 UNI,205.48,20.55,https://i.postimg.cc/0QWp5NSV/TF1148.jpg,DISPONIBLE
TF1099,KOTEX OPTI PANTI EXTRA LARGOS 28S,14 / 28 UNI,481.81,34.42,https://i.postimg.cc/pXF83tbq/TF1099.jpg,DISPONIBLE
TF1093,KOTEX PANTY LARGO 14S,20 / 14 UNI,255.63,12.78,https://i.postimg.cc/fRdK79Rv/TF1093.jpg,DISPONIBLE
TF1094,KOTEX PANTY REG 44S,24 / 44 UNI,942.37,39.27,https://i.postimg.cc/ryYCvJdF/TF1094.jpg,DISPONIBLE
TF1107,KOTEX PANTY LARGO 92S,12 / 92 UNI,596.83,49.74,https://i.postimg.cc/CKmfbhk1/TF1107.jpg,DISPONIBLE
TF1108,KOTEX ROSA PANTI REG 22S,14 / 22 UNI,272.28,19.45,https://i.postimg.cc/gJ9p7YT4/TF1108.jpg,DISPONIBLE
TF1131,KOTEX UNIKA PANTY REG 22S,14 / 22 UNI,269.52,19.25,https://i.postimg.cc/xdwqvXqm/TF1131.jpg,DISPONIBLE
TF1133,KOTEX UNIKA DIG. TAMPON 12S,16 / 12 UNI,545.71,34.11,https://i.postimg.cc/sXncXXC4/TF1133.jpg,DISPONIBLE
TF1135,KOTEX UNIKA REG C/A 8S,10 / 8 UNI,153.12,15.31,https://i.postimg.cc/Zqd55JjW/TF1135.jpg,DISPONIBLE
TF1154,KOTEX UNIKA NOCTURNA 10S,8 / 10 UNI,226.31,28.29,https://i.postimg.cc/3R6NZ91q/TF1154.jpg,DISPONIBLE
TF1531,TAMPAX SUPER PLUS 10 UNI.,12 / 10 UNI,500.77,41.73,https://i.postimg.cc/zX4jt0k6/TF1531.jpg,OFERTA
TF0802,NATURELLA NOCTURNA C/A,12 / 8 UNI,256.86,21.41,https://i.postimg.cc/ydwx4gr1/TF0802.jpg,OFERTA
TF0838,NATURELLA C/MANZANI.C/A,10 / 8 UNI,131.08,13.11,https://i.postimg.cc/Kvhj0TMQ/TF0838.jpg,OFERTA
TF0964,NATURELLA CUID. NOCT. C/A,12 / 24 UNI,805.33,67.11,https://i.postimg.cc/Gp6dH0Pz/TF0964.jpg,DISPONIBLE
TF0982,NATURELLA NOCT.C/A+2s GR,12 / 8 UNI,258.12,21.51,https://i.postimg.cc/GhqmxGFC/TF0982.jpg,OFERTA
TF1007,NATURELLA C/MZLLA.C/A+2,10 / 8 UNI,128.18,12.82,https://i.postimg.cc/7hmMwLWk/TF1007.jpg,DISPONIBLE
TF1022,NATURELLA INV DIAC/A 8S,16 / 8 UNI,263.9,16.49,https://i.postimg.cc/3Jr5rJ5Y/TF1022.jpg,OFERTA
TF0986,NATURELLA NOCTURNO T5 C/ALAS 8+2 GRT,12 / 10 UNI,280.31,23.36,https://i.postimg.cc/sDtpSsGB/TF0986.jpg,DISPONIBLE
TF1008,ALWAYS +SUAVE NOC.C/A+2BO,14 / 8 UNI,302.64,21.62,https://i.postimg.cc/SRy7B9Vd/TF1008.jpg,OFERTA
TF0144,ALWAYS ACTIV NOCTURNA C/A,12 / 8 UNI,313.11,26.09,https://i.postimg.cc/JhxznY62/TF0144.jpg,OFERTA
TF0381,ALWAYS MAS SUAVE NOCHE C/A,12 / 8 UNI,302.64,25.22,https://i.postimg.cc/c124rnh0/TF0381.jpg,OFERTA
TF0962,ALWAYS NOCHE SUAVE,12 / 22 UNI,674.36,56.2,https://i.postimg.cc/CMB2mBWZ/TF0962.jpg,DISPONIBLE
TF0379,ALWAYS PINKCESS C/ALAS,8 / 10 UNI,177.28,22.16,https://i.postimg.cc/XqRVhRqp/TF0379.jpg,OFERTA
TF0896,ALWAYS SECA PROTECC.TOTAL,8 / 10 UNI,212.28,26.54,https://i.postimg.cc/T2gY5P4b/TF0896.jpg,OFERTA
TF0550,FIORE ANATOMICA S/ALAS,12 / 8 UNI,120.59,10.05,https://i.postimg.cc/7YSG49kp/TF0550.jpg,OFERTA
TF0552,FIORE NOCHE C/A,12 / 8 UNI,188.14,15.68,https://i.postimg.cc/Z5cWBq0H/TF0552.jpg,OFERTA
UE0139,KOLA LOKA MULTIPACK 2GR,20 / 10 UNI,4484.38,224.22,https://i.postimg.cc/T2ZvdLfT/TF2179.jpg,DISPONIBLE
VC0168,DEL MONTE CHAMPIÑONES REB,24 / 380 GR,850.33,35.43,https://i.postimg.cc/02SmQxpX/VC0168.jpg,DISPONIBLE
VC0222,DEL MONTE ENSALADA CAMPES 215GR,24 / 215 GR,276.67,11.53,https://i.postimg.cc/q716Y7Tq/VC0222.jpg,DISPONIBLE
VC0224,DEL MONTE ENSALADA CAMPES 400GR,24 / 400 GR,404.96,16.87,https://i.postimg.cc/ZRgBbD0h/VC0224.jpg,DISPONIBLE
VC0402,DEL MONTE CHICHAROS/ZAN. 215GR,24 / 215 GR,270.61,11.28,https://i.postimg.cc/05FH6p4k/VC0402.jpg,DISPONIBLE
VC0404,DEL MONTE CHICHAROS/ZAN. 410GR,24 / 410 GR,446.47,18.6,https://i.postimg.cc/gkht3x9v/VC0404.jpg,DISPONIBLE
VC0405,DEL MONTE CHICHAROS 410GR,24 / 410 GR,374.18,15.59,https://i.postimg.cc/P5k3ydh0/VC0405.jpg,DISPONIBLE
VC0902,DEL MONTE GRANO ELOTE 225GR,24 / 225 GR,256.39,10.68,https://i.postimg.cc/CLbJz9D7/VC0902.jpg,DISPONIBLE
VC0903,DEL MONTE GRANO ELOTE 400GR,24 / 400 GR,446.22,18.59,https://i.postimg.cc/VsKMNPg3/VC0903.jpg,DISPONIBLE
VC1201,DEL MONTE ENS. VERDURAS 215GR,24 / 215 GR,275.05,11.46,https://i.postimg.cc/C5kCnfZ5/VC1201.jpg,DISPONIBLE
VC1202,DEL MONTE ENS. VERDURAS 400GR,24 / 400 GR,403.54,16.81,https://i.postimg.cc/CxFCd5wM/VC1202.jpg,DISPONIBLE
VC1621,DEL MONTE GARBANZO EN SALMUERA,24 / 400 GR,485.52,20.23,https://i.postimg.cc/XYQf5Wvf/VC1621.jpg,DISPONIBLE
VC0471,LA COSTEÑA CHICHAROS 420GR,24 / 420 GR,357.66,14.9,https://i.postimg.cc/FzLpbB69/VC0471.jpg,DISPONIBLE
VC1262,LA COSTEÑA ENS VERDURAS 410GR,24 / 410 GR,458.02,19.08,https://i.postimg.cc/VLPWQ4TC/VC1262.jpg,DISPONIBLE
VC1263,LA COSTEÑA ENS VERDURAS 220GR,24 / 220 GR,287.28,11.97,https://i.postimg.cc/kXNFnK3h/VC1263.jpg,DISPONIBLE
VC0432,HERDEZ  CHICHAROS/ZAN. 400GR,24 / 400 GR,438.75,18.28,https://i.postimg.cc/XJXQqJcB/VC0432.jpg,OFERTA
VC0106,HERDEZ CHAMPIÑONES ENT 186GR,24 / 186 GR,556.81,23.2,https://i.postimg.cc/265h8Zwn/VC0106.jpg,DISPONIBLE
VC0108,HERDEZ CHAMPIÑONES REB 186GR,24 / 186 GR,471.45,19.64,https://i.postimg.cc/ydr9J8Qt/VC0108.jpg,OFERTA
VC0120,HERDEZ CHAMPIÑONES TROC. 186GR,24 / 186 GR,465.14,19.38,https://i.postimg.cc/RCyK4qnn/VC0120.jpg,OFERTA
VC0301,HERDEZ CHAMPIÑONES ENT 380GR,24 / 380 GR,999.27,41.64,https://i.postimg.cc/7h2CfMTJ/VC0301.jpg,DISPONIBLE
VC0302,HERDEZ CHAMPI#ONES REB 380GR,24 / 380 GR,874.51,36.44,https://i.postimg.cc/yWCD9gFQ/VC0302.jpg,OFERTA
VC0428,HERDEZ CHICHAROS 200GR,48 / 200 GR,493.14,10.27,https://i.postimg.cc/PqSSdZZk/VC0428.jpg,DISPONIBLE
VC0220,HERDEZ ENSALADA DE VEGETALES 400GR,24 / 400 GR,376.84,15.7,https://i.postimg.cc/R0SnXH22/VC0220.jpg,OFERTA
VC0366,HERDEZ ENSALADA DE VEGETALES 220GR,48 / 220 GR,507.12,10.57,https://i.postimg.cc/02dWTbNW/VC0366.jpg,OFERTA
VC0917,HERDEZ ELOTE 200GR,24 / 200 GR,265.18,11.05,https://i.postimg.cc/VNkFZ6hZ/VC0917.jpg,OFERTA
VC0921,HERDEZ ELOTE 400GR,24 / 400 GR,376.37,15.68,https://i.postimg.cc/d0NjbFPs/VC0921.jpg,OFERTA
VC1229,HERDEZ ENSALADA LEGUMBRES 400GR,24 / 400 GR,388.81,16.2,https://i.postimg.cc/1RKmVv4V/VC1229.jpg,OFERTA
VC1232,HERDEZ ENSALADA LEGUMBRES 215GR,48 / 215 GR,520.48,10.84,https://i.postimg.cc/PrrtW183/VC1232.jpg,OFERTA
VC1627,HERDEZ GARBANZO NAT 400GR,24 / 400 GR,469.96,19.58,https://i.postimg.cc/T3K58wSk/VC1627.jpg,OFERTA
VD7139,ARAMO ECOLOGICA ESMERALDA No.1,6 / UNI,690.66,115.11,https://i.postimg.cc/Jn36zy1N/VD7139.jpg,OFERTA
VD7145,ARAMO ECOLOGICA ESMERALDA No.2,6 / UNI,485.01,80.83,https://i.postimg.cc/CxdQsLNZ/VD7145.jpg,OFERTA
VD3634,ARAMO ECÓLOGICA ESMERALDA No.4,12 / UNI,537.78,44.82,https://i.postimg.cc/fLvCh6CQ/VD3634.jpg,OFERTA
VD3676,ARAMO ECÓLOGICA CARAMELITO No. 3,24 / UNI,321.02,13.38,https://i.postimg.cc/4xKWh2fZ/VD3676.jpg,OFERTA
VD3677,ARAMO ECÓLOGICA CARAMELITO No. 7,12 / UNI,282.45,23.54,https://i.postimg.cc/sDg63DbB/VD3677.jpg,OFERTA
VD1529,CARMEN CIRIO NO. 10 CONO EXTRA,40 / UNI,558.99,13.97,https://i.postimg.cc/sfwmHC1x/VD1529.jpg,DISPONIBLE
VD0799,SAN JUAN DOCENERA ,8 / 12 UNI,502.14,62.77,https://i.postimg.cc/qMvfzRyX/VD0799.jpg,OFERTA
VD1218,SAN JUAN GEMA AZUL FINO,20 / 1 UNI,473.63,23.68,https://i.postimg.cc/Gt0cWkdM/VD1218.png,OFERTA
VD1369,SAN JUAN VELED C.LUZ LED,6 / 1 UNI,499.12,83.19,https://i.postimg.cc/8CWXyWXd/VD1369.png,OFERTA
VD1545,SAN JUAN ECOL SOLECITO SEM,12 / 1 UNI,309.91,25.83,https://i.postimg.cc/Nf54Jm5B/VD1545.jpg,OFERTA
VD1546,SAN JUAN ECOL SOLECITO JUMB,6 / 1 UNI,532.11,88.68,https://i.postimg.cc/htm0gn8R/VD1546.png,OFERTA
VD1563,SAN JUAN COLOSAL,12 / 1 UNI,362.53,30.21,https://i.postimg.cc/PfFbwJ2d/VD1563.png,OFERTA
VD1886,SAN JUAN BARRILITO ,12 / 1 UNI,156.7,13.06,https://i.postimg.cc/4xjjLQMv/VD1886.jpg,OFERTA
VD1887,SAN JUAN BOMBITA No.1 ,12 / 1 UNI,318.09,26.51,https://i.postimg.cc/ZRxgqtRT/VD1887.jpg,OFERTA
VD1888,SAN JUAN BOMBITA No.2 ,12 / 1 UNI,450.24,37.52,https://i.postimg.cc/WbHyz723/VD1888.jpg,OFERTA
VD1889,SAN JUAN ECOL VELCOLOR´S No.2 ,12 / 1 UNI,396.44,33.04,https://i.postimg.cc/RF4sysTJ/VD1889.jpg,OFERTA
VD1398,SAN JUAN 1/2 SEMANA,20 / 1 UNI,350.83,17.54,https://i.postimg.cc/Dz5dpf3G/VD1398.jpg,OFERTA
VD1898,SAN JUAN CAFETERO DIA DE MUERTOS,20 / UNI,390.75,19.54,https://i.postimg.cc/50cmdqJm/VD1897.jpg,OFERTA
VD1885,SAN JUAN CALAVERITA,12 / UNI,137.92,11.49,https://i.postimg.cc/50cmdqJY/VD1885.jpg,OFERTA
VD9708,SAN JUAN CITRONELA MOSQUITOS,20 / UNI,550.03,27.5,https://i.postimg.cc/9M3B5t2T/VD9708.jpg,OFERTA
VD2043,SAN JUAN COLOSAL DIA DE MUERTOS,12 / UNI,379.26,31.61,https://i.postimg.cc/63shJLKv/VD2043.jpg,OFERTA
VD9707,SAN JUAN HUELLITAS,20 / UNI,390.75,19.54,https://i.postimg.cc/MTkY2bwB/VD9707.jpg,OFERTA
VD1892,SAN JUAN V100 DIA DE MUERTOS,20 / UNI,453.91,22.7,https://i.postimg.cc/HxGtD4m3/VD1892.jpg,OFERTA
VD1197,JLM CAFETERO LISO SUP EXT,20 / 1 UNI,436.32,21.82,https://i.postimg.cc/nLzcBFdH/VD1197.png,OFERTA
VD1541,JLM CONO No.5,40 / 1 UNI,584.64,14.62,https://i.postimg.cc/sfnm4wf9/VD1541.png,OFERTA
VD1263,JLM ECO. ESP. QUINC.,12 / 1 UNI,543.8,45.32,https://i.postimg.cc/xTT70X8g/VD1263.png,OFERTA
VD1156,JLM ECOLOGICO SEMANAL,12 / 1 UNI,374.94,31.24,https://i.postimg.cc/MGPHFMcH/VD1156.png,OFERTA
VD1157,JLM ECOLOGICO MEDIA SEMAN,12 / 1 UNI,253.95,21.16,https://i.postimg.cc/fL1LMGfZ/VD1157.png,OFERTA
VD0999,JLM LIMONERO SUPER EXTRA,20 / 1 UNI,427.74,21.39,https://i.postimg.cc/rzXLHcCd/VD0999.png,OFERTA
VD1219,JLM LIMONERITO SUPER EXT,48 / 1 UNI,518.54,10.8,https://i.postimg.cc/44t4zF1J/VD1219.png,OFERTA
VD1371,JLM LIMONERO VASO CON REP,20 / 1 UNI,413.97,20.7,https://i.postimg.cc/0jtV6Crg/VD1371.png,OFERTA
VD1247,JLM REP 21 SAN JUDAS,40 / 1 UNI,570.34,14.26,https://i.postimg.cc/sDsz5fXZ/VD1247.png,OFERTA
VD1248,JLM REP 21 VIRGEN GPE,40 / 1 UNI,570.34,14.26,https://i.postimg.cc/0NTRjPFG/VD1248.png,OFERTA
VD1540,JLM REP No.18,40 / 1 UNI,531.84,13.3,https://i.postimg.cc/Tw09ScVP/VD1540.png,OFERTA
VD1518,JLM REPUESTO 21,40 / 1 UNI,570.34,14.26,https://i.postimg.cc/nczdyNwQ/VD1518.png,OFERTA
VD1520,JLM REPUESTO ANTIMOSQUITO,40 / 1 UNI,449.46,11.24,https://i.postimg.cc/J0prqpH2/VD1520.jpg,OFERTA
VD1245,JLM VASO 100 SAN JUDAS,12 / 1 UNI,409.51,34.13,https://i.postimg.cc/JzTRrwRN/VD1245.jpg,OFERTA
VD1246,JLM VASO 100 VIRGEN GPE,12 / 1 UNI,409.36,34.11,https://i.postimg.cc/0QSv0bDh/VD1246.png,OFERTA
VD3801,JLM VELADORA IMAG JESUS,40 / 2 UNI,570.17,14.25,https://i.postimg.cc/8P476015/VD3801.png,OFERTA
VD3802,JLM VELADORA REP.,100 / 1 UNI,778.35,7.78,https://i.postimg.cc/NjPLN22M/VD3802.png,OFERTA
VD1264,JLM VILLA DEL SEÑOR LIMONERO,20 / 1 UNI,274.52,13.73,https://i.postimg.cc/2S1KZg4c/VD1264.png,OFERTA
VD7902,LUZ E. FAMA SN JUDAS T.,12 / 1 UNI,364.57,30.38,https://i.postimg.cc/C1b1LvPq/VD7902.png,DISPONIBLE
VD1354,LUZ ETERNA LIMON SATURN,20 / 1 UNI,424.08,21.2,https://i.postimg.cc/dVgkJFcJ/VD1354.jpg,OFERTA
VD1355,LUZ ETERNA LIMONCITO,40 / 1 UNI,568.23,14.21,https://i.postimg.cc/dVh86YN5/VD1355.png,DISPONIBLE
VD1834,LUZ ETERNA CENTENARIO,20 / 1 UNI,329.94,16.5,https://i.postimg.cc/bYLkjJKQ/VD1834.png,OFERTA
VD1846,LUZ ETERNA CUBERON,20 / 1 UNI,613.52,30.68,https://i.postimg.cc/dVZyd9D8/VD1846.png,DISPONIBLE
VD1857,LUZ ETERNO CAFETERO,20 / 1 UNI,539.13,26.96,https://i.postimg.cc/N012Cf6F/VD1857.png,DISPONIBLE
VD1868,LUZ ETERNA VOTIVO,40 / 1 UNI,539.13,13.48,https://i.postimg.cc/Bbv8vTdK/VD1868.png,DISPONIBLE
VD0160,PROFINA VOTIVO LISO CON FAROL,48 / 1 UNI,388.05,8.08,https://i.postimg.cc/rpGGyhyz/VD0160.jpg,DISPONIBLE
VD0195,PROFINA CUBERO SURTIDO,20 / 1 UNI,413.24,20.66,https://i.postimg.cc/50s0DHjh/VD0195.png,OFERTA
VD0540,PROFINA FAROLITO ECOL MEDIA SEM,24 / 1 UNI,403.16,16.8,https://i.postimg.cc/L5WLQwDQ/VD0540.jpg,OFERTA
VD1589,PROFINA VASO ECO-FAROLITO QUIN BLANCO,12 / 1 UNI,629.94,52.5,https://i.postimg.cc/mgWHYHMf/VD1589.png,DISPONIBLE
VD1871,PROFINA VASO MEGA BOMBAY LISO,12 / 1 UNI,241.67,20.14,https://i.postimg.cc/hjmJQ4jd/VD1871.png,OFERTA
VD0964,PROFINA VIRGO SURTIDO CON FAROLITO,20 / 1 UNI,312.45,15.62,https://i.postimg.cc/mD53RdDf/VD0964.jpg,OFERTA
VD1254,LA GLORIA REPUESTO 13 EXTRA PARAF,50 / 1 UNI,434.31,8.69,https://i.postimg.cc/X7T9fMpp/VD1254.jpg,DISPONIBLE
VD1255,LA GLORIA VASO LIMONERO ECON,18 / 1 UNI,216.8,12.04,https://i.postimg.cc/FKJ82wz7/VD1255.png,DISPONIBLE
VD1581,LA GLORIA VASO MI CHELADO,12 / 1 UNI,327.82,27.32,https://i.postimg.cc/nVT5zzTb/VD1581.jpg,OFERTA
VD1561,LA MILAGROSA VASO ECOL SEM BAT,12 / 450 GR,303.25,25.27,https://i.postimg.cc/4NMZx76V/VD1561.png,DISPONIBLE
VE0142,JLM VELA CAJA No.10,10 / 14 UNI,638.2,63.82,https://i.postimg.cc/Hkjk7WvH/VE0142.jpg,OFERTA
VE2101,JLM VELA BOLSA,10 / 14 UNI,611.61,61.16,https://i.postimg.cc/gJyzPxjX/VE2101.jpg,OFERTA
VE0176,PROFINA FAROLITO,10 / 16 UNI,559.65,55.97,https://i.postimg.cc/y84PkrT0/VE0176.jpg,DISPONIBLE
VE0169,LA GLORIA UNIVERSAL,6 / 16 UNI,323.13,53.86,https://i.postimg.cc/vTS3v4SW/VE0169.jpg,DISPONIBLE
VI0801,VINAGRE LA COSTEÑA 1LT,12 / 1 LT,159.71,13.31,https://i.postimg.cc/6q2jj38x/VI0801.jpg,OFERTA
VI0805,VINAGRE LA COSTEÑA 3.75 LTS.,4 / 3.8 LT,150.27,37.57,https://i.postimg.cc/tRs9QNPp/VI0805.jpg,OFERTA
VI0803,VINAGRE LA COSTEÑA 535ML,24 / 535 ML,228.17,9.51,https://i.postimg.cc/0jTtLsSM/VI0803.jpg,OFERTA
VI0101,VINAGRE CLEMENTE J. 1LT,12 / 1 LT,182.33,15.19,https://i.postimg.cc/j2m9tfpj/VI0101.jpg,OFERTA
VI0157,VINAGRE CLEMENTE J. 3.7L,4 / 3.7 LT,167.58,41.9,https://i.postimg.cc/ydrpy9YT/VI0157.jpg,OFERTA
VI0102,VINAGRE CLEMENTE J. 500ML,24 / 500 ML,271.47,11.31,https://i.postimg.cc/tRM830sH/VI0102.jpg,OFERTA
VI0120,VINAGRE LA COCINERA 1L,12 / 1 LT,117.79,9.82,https://i.postimg.cc/GmkNnHqc/VI0120.jpg,DISPONIBLE
VI0121,VINAGRE LA COCINERA 3.785 LTS.,4 / 3.8 LT,134.96,33.74,https://i.postimg.cc/hGcYDc5V/VI0121.jpg,DISPONIBLE
VI0108,VINAGRE LA COCINERA GARY,20 / 500 ML,122.69,6.13,https://i.postimg.cc/rFR3gh4R/VI0108.jpg,DISPONIBLE
VL0996,BOONES VINO EXOTIC BERRY 750ML,12 / 750 ML,996.62,83.05,https://i.postimg.cc/FR5nZsXS/VL0996.jpg,DISPONIBLE
VL2564,CARIBE COOLER DURAZNO 2LT,6 / 2 LT,397.97,66.33,https://i.postimg.cc/kXsPzc8n/VL2564.jpg,DISPONIBLE
VL0956,CARIBE COOLER DURAZNO,12 / 300 ML,221.16,18.43,https://i.postimg.cc/YCXkG3q6/VL0956.jpg,OFERTA
VL0958,CARIBE COOLER FRESA,12 / 300 ML,221.16,18.43,https://i.postimg.cc/N0ScbjX5/VL0958.jpg,OFERTA
VL0959,CARIBE COOLER MANGO PIÑA,12 / 300 ML,221.16,18.43,https://i.postimg.cc/LXPMWFkT/VL0959.jpg,OFERTA
VL0960,CARIBE COOLER MANZANA KIWI,12 / 300 ML,221.16,18.43,https://i.postimg.cc/vTddF23V/VL0960.jpg,OFERTA
VL0962,CARIBE COOLER MANDARINA,12 / 300 ML,221.16,18.43,https://i.postimg.cc/ZK4hwgWN/VL0962.jpg,OFERTA
VL0953,CARIBE COOLER DURAZNO 750ML,12 / 750 ML,694.85,57.9,https://i.postimg.cc/Th8vBwPm/VL0953.jpg,DISPONIBLE
VL2565,CARIBE COOLER TINTO 750ML,12 / 750 ML,694.85,57.9,https://i.postimg.cc/qq6dmn4S/VL2565.jpg,DISPONIBLE
VL0935,SKYY VODKA COSMO ARANDANO,24 / 275 ML,543.91,22.66,https://i.postimg.cc/N09hyvnQ/VL0935-JPG.png,OFERTA
VL0937,SKYY VODKA ON THE BEACH MGO/DZNO,24 / 275 ML,543.91,22.66,https://i.postimg.cc/hPL0j3Kj/VL0937-JPG.png,OFERTA
VL0938,SKYY VODKA APPLETINI MZNA VERDE,24 / 275 ML,543.91,22.66,https://i.postimg.cc/4dVr5bss/VL0938.jpg,OFERTA
VL3461,GRAN MALO C/JUMEX MANGO 475ML,12 / 475 ML,264.28,22.02,https://i.postimg.cc/mD5sNVfd/VL3461.jpg,OFERTA
VL3462,GRAN MALO C/JUMEX GUAYABA 475ML,12 / 475 ML,264.28,22.02,https://i.postimg.cc/3RRhvV6D/VL3462.jpg,OFERTA
VL2589,ARIZONA HARD MUCHO MANGO C/TEQUILA 475ML,12 / 475 ML,264.28,22.02,https://i.postimg.cc/4x487LJn/VL2589.jpg,OFERTA
VL2590,ARIZONA HARD LIMONADA C/TEQUILA 475ML,12 / 475 ML,264.28,22.02,https://i.postimg.cc/1R67LVC3/VL2590.jpg,OFERTA
VL2591,ARIZONA HARD KIWI C/FRESA C/TEQUILA 475ML,12 / 475 ML,264.28,22.02,https://i.postimg.cc/9038DcMC/VL2591.jpg,OFERTA
VL2588,ARIZONA HARD SANDIA C/TEQUILA 475 ML,12 / 475 ML,264.28,22.02,https://i.postimg.cc/8zyZhR59/VL2588.jpg,OFERTA
VL3434,LICOR LILLET ROSE 750ML,6 / 750 ML,2504.36,417.39,https://i.postimg.cc/gJ2WP1Lk/VL3434.jpg,DISPONIBLE
VL3429,TEQUILA ARETTE BLANCO 700ML,12 / 700 ML,5699.65,474.97,https://i.postimg.cc/Z5NY7kp2/VL3429.jpg,DISPONIBLE
VL3426,MEZCAL MIL DIABLOS 700ML,6 / 700 ML,2872.85,478.81,https://i.postimg.cc/15ksNW2K/VL3426.jpg,DISPONIBLE
VL1779,LICOR DE AGAVE GRAN RELICARIO 1LT,12 / 1 LT,501.39,41.78,https://i.postimg.cc/vTDpMFJx/VL1779.jpg,OFERTA
VL3408,LICOR DE AGAVE RANCHO ESCONDIDO 1LT,12 / 1 LT,823.98,68.67,https://i.postimg.cc/X7GPvXJV/VL3408.jpg,OFERTA
VL0294,LICOR DE AGAVE RANCHO ESCONDIDO 750ML,12 / 750 ML,602.69,50.22,https://i.postimg.cc/YqztkkcC/VL0294.jpg,OFERTA
VL1775,LICOR DE AGAVE RANCHO ESCONDIDO 70 ANIV. 750ML,12 / 750 ML,602.69,50.22,https://i.postimg.cc/fbZq5Kf6/VL1775.jpg,OFERTA
VL1783,RANCHO MIX CANTARITO LTA 355ML,12 / 355 ML,206.66,17.22,https://i.postimg.cc/1zxp7Rxg/VL1783.jpg,DISPONIBLE
VL1730,SEAGRAMS HARD SELTZER ESCAPES FRUTOS ROJOS,24 / 355 ML,566.24,23.59,https://i.postimg.cc/RhvbZ52Y/VL1730.jpg,DISPONIBLE
VL1733,SEAGRAMS HARD SELTZER ESCAPES MANDARINA,24 / 355 ML,566.24,23.59,https://i.postimg.cc/cHRbW4kJ/VL1733.jpg,DISPONIBLE
VL3471,SEAGRAMS MANGO VODKA C/SODA,24 / 355 ML,583.16,24.3,https://i.postimg.cc/9M5nsqpb/VL3471.jpg,DISPONIBLE
VL2554,SEAGRAMS PIÑA MARACUYA,24 / 355 ML,583.16,24.3,https://i.postimg.cc/g275q76h/VL2554.jpg,DISPONIBLE
VL1742,VMC JAMAICA C/TEQUILA,24 / 355 ML,626.92,26.12,https://i.postimg.cc/d39p2t8M/VL1742.jpg,DISPONIBLE
VL1743,VMC TEQUILA MARGARITA C/TEQUILA,24 / 355 ML,626.92,26.12,https://i.postimg.cc/4yGjHhHY/VL1743.jpg,DISPONIBLE
VL1744,VMC TEQUILA PALOMA C/TEQUILA,24 / 355 ML,626.92,26.12,https://i.postimg.cc/s2tkyLj3/VL1744.jpg,DISPONIBLE
VL0867,FOUR LOKO BLUE 473MLS.,24 / 473 ML,713.28,29.72,https://i.postimg.cc/CKKwJWp7/VL0867.jpg,DISPONIBLE
VL3442,FOUR LOKO DURAZNO 473 MLS.,24 / 473 ML,713.28,29.72,https://i.postimg.cc/Xq5jdd6n/VL3442.jpg,DISPONIBLE
VL0842,FOUR LOKO GOLD 473 MLS.,24 / 473 ML,713.28,29.72,https://i.postimg.cc/XJG46dJP/VL0842.jpg,DISPONIBLE
VL3443,FOUR LOKO PIÑA 473 MLS.,24 / 473 ML,713.28,29.72,https://i.postimg.cc/cH21vTjm/VL3443.jpg,DISPONIBLE
VL0854,FOUR LOKO PONCHE 473 MLS.,24 / 473 ML,713.28,29.72,https://i.postimg.cc/mr6Bn8bM/VL0854.jpg,DISPONIBLE
VL3441,FOUR LOKO PURPLE 473 MLS.,24 / 473 ML,713.28,29.72,https://i.postimg.cc/hPFPgyV0/VL3441.jpg,DISPONIBLE
VL0832,FOUR LOKO SANDIA 473 MLS.,24 / 473 ML,713.28,29.72,https://i.postimg.cc/0QTxkjK2/VL0832.jpg,DISPONIBLE
VL0979,KOOL BLUE BERRY 355ML,12 / 355 ML,233.92,19.49,https://i.postimg.cc/hGydTYCz/VL0979.jpg,OFERTA
VL1767,KOOL FRESAS & MORAS 355ML,12 / 355 ML,234.73,19.56,https://i.postimg.cc/4NVVqBdJ/VL1767.jpg,OFERTA
WA0434,PZA. CAPULLO VEG CANOLA 400ML,1 / 400 ML,27.99,27.99,https://i.postimg.cc/SK1b6B4D/WA0434.jpg,DISPONIBLE
WA0103,PZA. ACEITE 1-2-3 500ML,1 / 500 ML,24.43,24.43,https://i.postimg.cc/tgBCrt6m/AC0103.jpg,DISPONIBLE
WA7103,PZA. KRAFT CHEZZ WHIZ NAT,1 / 235 GR,69.09,69.09,https://i.postimg.cc/7P0rQWPb/WA7103.jpg,DISPONIBLE
WA0474,PZA. NUTRIOLI DE SOYA 400 MLS.,1 / 400 ML,24.14,24.14,https://i.postimg.cc/m2ZB9RBb/WA0474.jpg,DISPONIBLE
WB0207,PZA. VERMEX ACEITUNA EN SALMUERA 70GR,1 / 70 GR,12.8,12.8,https://i.postimg.cc/15MmRrCR/AE0207.jpg,DISPONIBLE
WB0135,PZA. ACEITUNA BUFALO MANZ. 190GR,1 / 190 GR,26.83,26.83,https://i.postimg.cc/26BLfJDj/WB0135.jpg,DISPONIBLE
WB0129,PZA. BUFALO ACEITUNA DESHUES,1 / 175 GR,27.16,27.16,https://i.postimg.cc/gJRcY951/AE0129.jpg,DISPONIBLE
WC1185,PZA. MICRODYN 15ML,12 / 15 ML,330.2,27.52,https://i.postimg.cc/7ZVFT57K/WC1185.jpg,DISPONIBLE
WC1601,PZA. ALKA-SELTZER 100 UNI,100 / UNI,284.51,2.85,https://i.postimg.cc/2SNwM9X1/AF1601.jpg,DISPONIBLE
WC0103,PZA. ASPIRINA 500MG 80 UNI.,80 / UNI,68,0.85,https://i.postimg.cc/3JYQh1qs/WC0103.jpg,DISPONIBLE
WC1838,PZA. DESENFRIOL D TABLETAS 30UNI,30 / UNI,59.73,1.99,https://i.postimg.cc/8C9VVS8Y/WC1838.jpg,OFERTA
WC1839,PZA. DESENFRIOLITOS PL.24s,24 / UNI,55.93,2.33,https://i.postimg.cc/v862KnZG/WC1839.jpg,OFERTA
WC1354,PZA. FLANAX TABLETAS 550MG,12 / UNI,192.47,16.04,https://i.postimg.cc/g0StCqhx/WC1354.jpg,OFERTA
WC1435,PZA. SUEROX 8IONES NJA/MAND,1 / 630 ML,19.18,19.18,https://i.postimg.cc/R07b9XdX/AF1435.jpg,DISPONIBLE
WC2053,PZA. TABCIN ACTIVE GRIPE Y TOS DIA,12 / UNI,67.08,5.59,https://i.postimg.cc/T32xV0JX/WC2053.jpg,OFERTA
WC1468,PZA. SUEROX  8IONES UVA 630ML,1 / 630 ML,19.18,19.18,https://i.postimg.cc/Px16GmBn/WC1468.jpg,DISPONIBLE
WC1434,PZA. SUEROX 8IONES MANZANA 630ML,1 / 630 ML,19.18,19.18,https://i.postimg.cc/15X1Hd73/WC1434.jpg,DISPONIBLE
WD7828,PZA. GERBER ET2 FRUTAS MXTAS,1 / 100 GR,12.05,12.05,https://i.postimg.cc/vHvDwRxc/AI0828.jpg,DISPONIBLE
WD7830,PZA. GERBER ET 2 MANZANA ,1 / 100 GR,12.05,12.05,https://i.postimg.cc/cL9H6QmW/AI0830.jpg,DISPONIBLE
WD7831,PZA. GERBER ET.2 PERA 100G,1 / 100 GR,12.05,12.05,https://i.postimg.cc/TPsHrgPJ/WD7831.jpg,DISPONIBLE
WF0286,PZA. NAIR+VITAMINAS AGUA,1 / 120 GR,14.11,14.11,https://i.postimg.cc/vZWJNM4N/AT0286.jpg,DISPONIBLE
WF0287,PZA. NAIR ACEITE 120GR,1 / 120 GR,14.11,14.11,https://i.postimg.cc/1tPyYbgF/WF0287.jpg,DISPONIBLE
WF0154,PZA. ATUN HERDEZ AGUA 130GR,1 / 130 GR,23.31,23.31,https://i.postimg.cc/BQDZ4r8x/AT0305.jpg,DISPONIBLE
WF0292,PZA. MAZATUN AGUA CON ACEITE 1/130 GRS.,1 / 130 GR,18.46,18.46,https://i.postimg.cc/5tgZf3q5/AT0292.jpg,DISPONIBLE
WF0293,PZA. MAZATUN AGUA 130G,1 / 130 GR,18.46,18.46,https://i.postimg.cc/NMrCbF9q/WF0293.jpg,DISPONIBLE
WF7432,PZA. SPLENDA ENDUL. 1G,100 / 1 GR,83.6,0.84,https://i.postimg.cc/fWmg93QY/WF7432.jpg,DISPONIBLE
WF3615,PZA. MAIZENA NATURAL 160GR,1 / 160 GR,24.09,24.09,https://i.postimg.cc/2yRctYhq/WF3615.jpg,DISPONIBLE
WF7159,PZA. AZUCAR ZULKA ESTANDAR 1KG,1 / KG,23.25,23.25,https://i.postimg.cc/6Qj9NVxW/WF7159.jpg,DISPONIBLE
WG7292,PZA. CLOROX ANTI-SPLASH 930ML,1 / 930 ML,19.41,19.41,https://i.postimg.cc/fRvz8nH7/WG7292.jpg,DISPONIBLE
WL7582,PZA. CEP. PREMIER CLEAN EXH.,6 / UNI,84.59,14.1,https://i.postimg.cc/02d4xnCt/CD0482.jpg,DISPONIBLE
WL0363,PZA. CAFE NESCAFE DOLCA 170GR,1 / 170 GR,110.06,110.06,https://i.postimg.cc/dtD7h5C9/WL0363.jpg,DISPONIBLE
WL0384,PZA. DOLCA 1/46 GRS.,1 / 46 GR,41.53,41.53,https://i.postimg.cc/pdP1pFs2/CA0552.jpg,DISPONIBLE
WL0343,PZA. NESCAFE CLASICO 42 GRS.,1 / 42 GR,46.66,46.66,https://i.postimg.cc/NfrnVYyw/CA0484.jpg,DISPONIBLE
WL0486,PZA. NESCAFE DECAF 120 GRS.,1 / 120 GR,127.16,127.16,https://i.postimg.cc/hGc1ZrFd/WL0486.jpg,DISPONIBLE
WL0561,PZA. NESCAFE CLASICO STICK MP 14 GRS,16 / 14 GR,235.48,14.72,https://i.postimg.cc/qR5mbZ4R/CA0561.jpg,DISPONIBLE
WL0335,PZA. NESCAFÉ DOLCA DOY PACK 22GR,1 / 22 GR,20.01,20.01,https://i.postimg.cc/P5GXsS0g/WL0335.jpg,DISPONIBLE
WL0672,PZA. NESCAFE CAPP ORIG STICK 20 GR ,6 / UNI,64.46,10.74,https://i.postimg.cc/BZd3tmH4/CA0672.jpg,DISPONIBLE
WL0673,PZA. NESCAFE CAPP VAINILLA STICK 22 GR ,6 / UNI,64.45,10.74,https://i.postimg.cc/50W9Rz9T/CA0673.jpg,DISPONIBLE
WL0674,PZA. NESCAFE CAPP MOKA STICK 22 GR ,6 / UNI,69.62,11.6,https://i.postimg.cc/wTLpNDQJ/CA0674.jpg,DISPONIBLE
WL0487,PZA.DECAF 40 GRS.,1 / 40 GR,45.03,45.03,https://i.postimg.cc/Mp7F6DbP/CA0487.jpg,DISPONIBLE
WM0748,PZA. KELLOGGS FROOT LOOPS,1 / 180 GR,44.21,44.21,https://i.postimg.cc/L6TxGXHw/CE0748.jpg,DISPONIBLE
WM0788,PZA. KELLOGGS CORN FLAKES,1 / 150 GR,23.86,23.86,https://i.postimg.cc/9QgJFnwB/CE0788.jpg,DISPONIBLE
WM0845,"PZA. KELLOGS EKO ZUCARITAS
",1 / 125 GR,25.04,25.04,https://i.postimg.cc/cCccq9Nw/CE0845.jpg,DISPONIBLE
WM0846,PZA. KELLOGS EKO FROOT LOOPS,1 / 90 GR,25.04,25.04,https://i.postimg.cc/Pfby8x8J/CE0846.jpg,DISPONIBLE
WM0973,PZA. KELLOGGS CHOCO KRISPIS,1 / 290 GR,42.81,42.81,https://i.postimg.cc/TPWq2Y6R/CE0973.jpg,DISPONIBLE
WN7147,PZA. LA MORENA JAL. RELLENOS DE PICADILLO 80GR,1 / 380 GR,47.55,47.55,https://i.postimg.cc/PJhSdCj4/WN7147.jpg,DISPONIBLE
WN7162,PZA. DEL MONTE CHIPOTLES 205GR,1 / 205 GR,26.1,26.1,https://i.postimg.cc/Gtsnv1qS/WN7162.jpg,DISPONIBLE
WN7105,PZA. LA COSTEÑA CHIPOTLES ,1 / 105 GR,15.1,15.1,https://i.postimg.cc/wxPqLq8K/CH0105.jpg,DISPONIBLE
WN7179,PZA. LA COSTEÑA CHIPOTLES,1 / 220 GR,29.25,29.25,https://i.postimg.cc/6qGNYZsk/CH0179.jpg,DISPONIBLE
WN7304,PZA. LA COSTE#A RAJAS VDE,1 / 220 GR,15.99,15.99,https://i.postimg.cc/W3rSgyCs/WN7304.jpg,DISPONIBLE
WN7319,PZA. LA COSTEÑA EN RAJAS VERDES,1 / 105 GR,9.14,9.14,https://i.postimg.cc/nVQzdj1V/CH0319.jpg,DISPONIBLE
WN7903,PZA. LA COSTEÑA ENTEROS,1 / 220 GR,13.42,13.42,https://i.postimg.cc/5t09860V/CH0903.jpg,DISPONIBLE
WN7904,PZA. LA COSTEÑA ENTEROS 1/380 GRS.,1 / 380 GR,22.43,22.43,https://i.postimg.cc/43SfPs7h/CH0904.jpg,DISPONIBLE
WN7303,PZA. LA COSTEÑA RAJAS 380GR,1 / 380 GR,27.64,27.64,https://i.postimg.cc/jSKTt6v7/WN7303.jpg,DISPONIBLE
WN7901,PZA. LA COSTEÑA ENTEROS 2.8 KGS.,1 / 2.8 KG,78.04,78.04,https://i.postimg.cc/28Q5DsJP/CH0901.jpg,DISPONIBLE
WN7403,PZA. SAN MARCOS RAJAS VERDES 215 GRS.,1 / 215 GR,15.23,15.23,https://i.postimg.cc/gjq9RLx1/WN7403.jpg,DISPONIBLE
WO7151,PZA. CHOCOLATE ABUELITA 6PZ,6 / UNI,130.6,21.77,https://i.postimg.cc/J42Whq3y/WO7151.jpg,DISPONIBLE
WP4225,PZA. KNORR SUIZA TIRA,50 / 1 UNI,222.84,4.46,https://i.postimg.cc/nLgx72g4/CN0125.jpg,DISPONIBLE
WP4535,PZA. KNORR TOMATE TIRA,24 / UNI,84.26,3.51,https://i.postimg.cc/15yMVJHZ/WP4535.jpg,DISPONIBLE
WQ7209,PZA. CHOCO KIWI 180 GRS.,1 / 180 GR,27.45,27.45,https://i.postimg.cc/zG42FQDG/CP0209.jpg,DISPONIBLE
WQ7260,PZA. CHOCO KIWI 350 GRS.,1 / 350 GR,40.15,40.15,https://i.postimg.cc/KYXQMgQK/CP0260.jpg,DISPONIBLE
WQ7223,PZA. MORELIA PRESIDENCIAL 155 GRS.,1 / 155 GR,21.3,21.3,https://i.postimg.cc/jdNy3MzV/CP0224.jpg,DISPONIBLE
WQ7232,PZA. CHOCOMILK BOLSA,1 / 350 GR,57.65,57.65,https://i.postimg.cc/ZnqLSPYQ/CP0269.jpg,DISPONIBLE
WR0101,PZA. CERILLOS CLASICOS,50 / UNI,104.57,2.09,https://i.postimg.cc/m2tSpS5z/CR0101.jpg,DISPONIBLE
WR0123,PZA. CERILLO FLAMA 50 S,50 / UNI,121.4,2.43,https://i.postimg.cc/8zvmNzDT/CR0123.jpg,DISPONIBLE
WR0904,PZA. CERILLOS FLAMA 115S,5 / UNI,32,6.4,https://i.postimg.cc/KvbhXD4f/WR0904.jpg,DISPONIBLE
WR1301,PZA. CERILLOS VIAJEROS,50 / 1 UNI,73.77,1.48,https://i.postimg.cc/pTsDq9QJ/CR1301.jpg,DISPONIBLE
WT1663,PZA COLGATE TR. A. EXTRA BLANC.,1 / 50 ML,17.75,17.75,https://i.postimg.cc/JzGNjgHS/WT1663.jpg,DISPONIBLE
WT1350,PZA. COLGATE M.F.P. 75ML,1 / 75 ML,25.92,25.92,https://i.postimg.cc/8cNdWzLb/WT1350.png,DISPONIBLE
WT1433,PZA. COLGATE TRIPLE AC,1 / 100 ML,44.95,44.95,https://i.postimg.cc/K8vXjcPg/WT1433.jpg,DISPONIBLE
WT1537,PZA. COLGATE TR. AC. 50ML,1 / 50 ML,26.9,26.9,https://i.postimg.cc/VL79r1vj/WT1537.jpg,DISPONIBLE
WT1576,PZA. COLGATE LUMINOUS WHITENING 22ML,1 / 22 ML,22.13,22.13,https://i.postimg.cc/xTFVy1vp/WT1576.jpg,DISPONIBLE
WU8767,PZA. LADY SPEED STICK COOL GREEN 91GR,1 / 91 GR,53.8,53.8,https://i.postimg.cc/Y25kyBWj/WU8767.jpg,DISPONIBLE
WU9328,PZA. LADY SPEED STICK FLORAL FRESH 6 UNI.,6 / UNI,77.55,12.93,https://i.postimg.cc/GmRVWVwg/DS1328.jpg,DISPONIBLE
WU8329,PZA. SPEED STICK ROLLON NIGHT,6 / UNI,77.53,12.92,https://i.postimg.cc/bwRWpgqy/DS1329.jpg,DISPONIBLE
WV7360,PZA. AXION LIMON 250G,1 / 250 GR,15.45,15.45,https://i.postimg.cc/9MyNgYgH/DT0850.jpg,DISPONIBLE
WV8117,PZA. AXION LIQ LIMON 280 MLS.,1 / 280 ML,17.58,17.58,https://i.postimg.cc/02NqWrmX/DT1640.jpg,DISPONIBLE
WV8907,PZA. BLANCA NIEVES 1LT,1 / 1 LT,35.35,35.35,https://i.postimg.cc/R0djcnB3/WV8907.jpg,DISPONIBLE
WV7803,PZA. FOCA 250GR,1 / 250 GR,11.49,11.49,https://i.postimg.cc/Wz6Czw0w/DT0803.jpg,DISPONIBLE
WV7804,PZA. FOCA 500GR,1 / 500 GR,22.98,22.98,https://i.postimg.cc/FFj2TNwk/DT0804.jpg,DISPONIBLE
WV9195,PZA. 1-2-3 LIQ FRESCA BLANC 1 LTS.,1 / 1 LT,28.16,28.16,https://i.postimg.cc/K8Jf9vPf/DT1766.jpg,DISPONIBLE
WV8264,PZA. 1-2-3 LIQ C/SUZAV. Y JAZMIN 1LT,1 / LT,28.16,28.16,https://i.postimg.cc/sfB2sL2q/WV8264.jpg,DISPONIBLE
WV8131,PZA. MAS COLOR LIQ 415 MLS.,1 / 415 ML,19.67,19.67,https://i.postimg.cc/7Y1m2Nbp/DT1764.jpg,DISPONIBLE
WV7634,PZA. ACE REG 250 GRS.,1 / 250 GR,11.9,11.9,https://i.postimg.cc/Zqw8L7hM/DT1392.jpg,DISPONIBLE
WV8396,PZA. ARIEL REGULAR PWD 1/850 GRS.,1 / 850 GR,44.26,44.26,https://i.postimg.cc/j59ypD26/DT1396.jpg,DISPONIBLE
WV1104,PZA. TALCO LAS DOS CARAS,1 / 125 GR,17.93,17.93,https://i.postimg.cc/NFdXH7sg/WV1104.jpg,DISPONIBLE
WX0137,PZA ENCENDEDOR BIC MAXI,15 / 1 UNI,324.57,21.64,https://i.postimg.cc/PrFZf4Vy/WX0137.jpg,DISPONIBLE
WX3683,PZA. TIRA KNORR MI ARROZ ROJO,10 / 1 UNI ,66.16,6.62,https://i.postimg.cc/76MfVb7Y/ES0183.jpg,DISPONIBLE
WX3682,PZA. TIRA KNORR MI ARROZ BLANCO,10 / 1 UNI,66.16,6.62,https://i.postimg.cc/zB1yKTyc/ES0182.jpg,DISPONIBLE
WY0661,PZA. JAGUAR CUCHARA PASTELERA 50UNI.,1 / 50 UNI,10.56,10.56,https://i.postimg.cc/QdFYyXsY/WY0661.jpg,DISPONIBLE
WY0968,PZA. JAGUAR CUCHARA SOPERA 25UNI,1 / 25 UNI,13.09,13.09,https://i.postimg.cc/4N0kF1jY/WY0968.jpg,DISPONIBLE
XA7297,PZA. LA COSTEÑA REFRITOS NEGROS,1 / 440 GR,14.6,14.6,https://i.postimg.cc/SxxQ0D94/FR0297.jpg,DISPONIBLE
XA7193,PZA. LA COSTEÑA ENTEROS NEGROS 840GR,1 / 840 GR,21.27,21.27,https://i.postimg.cc/zBvPqv9V/XA7193.jpg,DISPONIBLE
XD3668,PZA. GAMESA HOT CAKES TRAD,1 / 500 GR,34.19,34.19,https://i.postimg.cc/jj1Tp7xt/HA0168.jpg,DISPONIBLE
XE0319,PZA. PERMASHARP II 24 UNI.,24 / UNI,189.37,7.89,https://i.postimg.cc/bwbPKgKK/XE0319.jpg,DISPONIBLE
XE3646,PZA. RAID CASA Y JARDIN 400ML,1 / 400 ML,81.5,81.5,https://i.postimg.cc/nhyKsy1X/XE3646.jpg,DISPONIBLE
XE3720,PZA. RAID MAX AEROSOL 400 MLS.,1 / 400 ML,87.35,87.35,https://i.postimg.cc/NMp6rXRf/XE3720.jpg,DISPONIBLE
XE3959,PZA. RAIDOLITO ESP. LAVANDA 10S,1 / 10 UNI,19.59,19.59,https://i.postimg.cc/j2P71f7F/IN0459.jpg,DISPONIBLE
XG0238,PZA. ZOTE BLANCO ESC 500 GRS.,1 / 500 GR,24.19,24.19,https://i.postimg.cc/nccY2526/XG0238.jpg,DISPONIBLE
XG3511,PZA. PRINCESA ESCAMAS,1 / 250 GR,19.04,19.04,https://i.postimg.cc/d1v30fk4/JL3512.jpg,DISPONIBLE
XG2101,PZA. ZOTE ROSA 200GR,1 / 200 GR,12.9,12.9,https://i.postimg.cc/BbmXkCvN/JL2101.jpg,DISPONIBLE
XG2102,PZA. ZOTE BLANCO 200GR,1 / 200 GR,12.85,12.85,https://i.postimg.cc/bYgDZqRb/JL2102.jpg,DISPONIBLE
XH1344,PZA. PALMOLIVE SANDIA Y LYCHEE 120GR,1 / 120 GR,19.12,19.12,https://i.postimg.cc/cHQ3H8gb/XH1344.jpg,DISPONIBLE
XH1358,PZA. PALMOLIVE YOGHURT Y FRUTAS 120GR,1 / 120 GR,20.23,20.23,https://i.postimg.cc/dVcXGqTB/XH1358.jpg,DISPONIBLE
XH1396,PZA. PALMOLIVE NEUTRO BALANCE DERMO 180 GRS.,1 / 180 GR,25.8,25.8,https://i.postimg.cc/MHXSRJnv/XH1396.jpg,DISPONIBLE
XH1235,PZA. PALMOLIVE LIQ MANZANA GARDENIA 800 MLS.,1 / 800 ML,68.34,68.34,https://i.postimg.cc/s2fDdhtN/JT1230.jpg,DISPONIBLE
XH1368,PZA. PALMOLIVE NAT. NUTR. HUMEC. 960GR,8 / UNI,111.35,13.92,https://i.postimg.cc/V6Bcj9gB/XH1368.jpg,DISPONIBLE
XH1369,PZA. PALMOLIVE NEUTRO BALANCE DERM. 100GR,8 / UNI,114.2,14.28,https://i.postimg.cc/vZcMpV8s/XH1369.jpg,DISPONIBLE
XH1278,PZA. ROSA VENUS AVENA 150 GRS.,1 / 150 GR,12.44,12.44,https://i.postimg.cc/1tnSscMJ/JT1278.jpg,DISPONIBLE
XH1702,PZA. ROSA VENUS ROSA 150 GRS.,1 / 150 GR,12.44,12.44,https://i.postimg.cc/T1NngxnR/JT1702.jpg,DISPONIBLE
XH1703,PZA. ROSA VENUS ROSA 100 GRS.,1 / 100 GR,8.26,8.26,https://i.postimg.cc/PfSWBW9B/JT1703.jpg,DISPONIBLE
XH1708,PZA. ROSA VENUS BLANCO 150 GRS.,1 / 150 GR,12.44,12.44,https://i.postimg.cc/jd9zjssc/JT1708.jpg,DISPONIBLE
XH1287,PZA. TEPEYAC DE LUJO AMARILLO 200GR,1 / 200 GR,16,16,https://i.postimg.cc/ZRmhxKX4/JT1287.jpg,DISPONIBLE
XH1288,PZA. TEPEYAC DE LUJO ROSA 200GR,1 / 200 GR,16,16,https://i.postimg.cc/Rhc6bFZN/JT1288.jpg,DISPONIBLE
XH1289,PZA. TEPEYAC DE LUJO VERDE 200GR,1 / 200 GR,16,16,https://i.postimg.cc/9FYwdrSH/JT1289.jpg,DISPONIBLE
XH1290,PZA. TEPEYAC DE LUJO LILA 200GR,1 / 200 GR,16,16,https://i.postimg.cc/XvwRq6q1/XH1290.jpg,DISPONIBLE
XH1213,PZA. BLUMEN COCONUT PARADISE LIQ 221ML,1 / 221 ML,19.45,19.45,https://i.postimg.cc/j5CgSc9m/XH1213.jpg,DISPONIBLE
XH1409,PZA. ESCUDO ROSA 135GR,1 / 135 ML,14.38,14.38,https://i.postimg.cc/FR1GkzcJ/XH1409.jpg,DISPONIBLE
XH1329,PZA. ZEST PEPINO & SABILA 135GR,1 / 135 GR,15.44,15.44,https://i.postimg.cc/kXpN8FfN/XH1329.jpg,DISPONIBLE
XH1330,PZA. ZEST AGUA DE COCO & AGAVE 135GR,1 / 135 GR,15.44,15.44,https://i.postimg.cc/Zn4MKBhz/JT1330.jpg,DISPONIBLE
XI1284,PZA. CARNATION EVAP ABRE FACIL,1 / 360 GR,23.27,23.27,https://i.postimg.cc/FKPS2mn0/LE1284.jpg,DISPONIBLE
XI1158,PZA. COFFEE MATE BOTE,1 / 160 GR,37.83,37.83,https://i.postimg.cc/4x6mTZnm/LE1158.jpg,DISPONIBLE
XI1122,PZA. COFFEE-MATE ORIG TIRA SOB 34 GR,1 / 10 UNI,83.18,83.18,https://i.postimg.cc/gc7wVNfk/LE1122.jpg,DISPONIBLE
XI0443,PZA. LECHERA CHIQUITA LATA,1 / 100 GR,11.36,11.36,https://i.postimg.cc/ZqP3jp6s/LE0443.jpg,DISPONIBLE
XI1391,PZA. LECHERA ORIGINAL LATA,1 / 375 GR,31.17,31.17,https://i.postimg.cc/jj95HjF3/LE1391.jpg,DISPONIBLE
XI1501,PZA. MEDIA CREMA NESTLE 225ML,1 / 225 ML,20.91,20.91,https://i.postimg.cc/TYDv4MPd/XI1501.jpg,DISPONIBLE
XI0977,PZA. NUTRI RINDES 240GR,1 / 240 GR,34.18,34.18,https://i.postimg.cc/13wN5w7R/LE0977.jpg,DISPONIBLE
XI1052,PZA. NUTRI RINDES 120GR,1 / 120 GR,16.22,16.22,https://i.postimg.cc/nrXX8DQJ/LE1052.jpg,DISPONIBLE
XI1126,PZA. NUTRI RINDES BOLSA,1 / 460 GR,61.88,61.88,https://i.postimg.cc/ydbNT8pr/LE1192.jpg,DISPONIBLE
XJ0445,PZA. PINOL REG 828 MLS.,1 / 828 ML,28.3,28.3,https://i.postimg.cc/v8PQfTxr/LI1029.jpg,DISPONIBLE
XJ1705,PZA. PINOL REG 500 MLS.,1 / 500 ML,19.61,19.61,https://i.postimg.cc/2ybnW96C/LI1705.jpg,DISPONIBLE
XJ0907,PZA. FABULOSO LAVANDA,1 / 1 LT,31.79,31.79,https://i.postimg.cc/fyyB6BKR/LI0472.jpg,DISPONIBLE
XJ0928,PZA. FABULOSO PASION FRUTAL .,1 / 1 LT,31.79,31.79,https://i.postimg.cc/7PtBgrHG/LI0474.jpg,DISPONIBLE
XJ0952,PZA. FABULOSO MAR FRESCO,1 / 1 LT,31.79,31.79,https://i.postimg.cc/vTK3MfqL/LI0473.jpg,DISPONIBLE
XJ0962,PZA. FABULOSO FRESCO AMANECER,1 / 1 LT,31.79,31.79,https://i.postimg.cc/B6MmYd2z/LI0471.jpg,DISPONIBLE
XJ0994,PZA. FABULOSO ENERGIA NARANJA,1 / 1 LT,31.79,31.79,https://i.postimg.cc/L6rNbkZm/LI0476.jpg,DISPONIBLE
XJ0909,PZA. FABULOSO LAVANDA,1 / 500 ML,20.9,20.9,https://i.postimg.cc/yNhQ9Jxs/LI0469.jpg,DISPONIBLE
XJ0941,PZA. FABULOSO MAR FRESCO,1 / 500 ML,20.9,20.9,https://i.postimg.cc/xC0sP0NH/LI0470.jpg,DISPONIBLE
XJ0965,PZA. FABULOSO FRESCO AMANECER,1 / 500 ML,20.9,20.9,https://i.postimg.cc/B6MmYd2z/LI0471.jpg,DISPONIBLE
XK3602,PZA. INCA MANTECA 1KG,1 / 1 KG,80.21,80.21,https://i.postimg.cc/TwzBJ8GX/MA0102.jpg,DISPONIBLE
XL0506,PZA. DEL MONTE MERM FRESA 270 GRS.,1 / 270 GR,27.31,27.31,https://i.postimg.cc/pd90G0sV/ME0506.jpg,DISPONIBLE
XL0302,PZA. M.C. MERM FRESA 270GR,1 / 270 GR,28.41,28.41,https://i.postimg.cc/t4vSz0tm/ME0302.jpg,DISPONIBLE
XL7305,PZA. MOLE DOÑA MARIA FRASCO,1 / 125 GR,26.76,26.76,https://i.postimg.cc/P57ywWTg/MO0305.jpg,DISPONIBLE
XL7323,PZA. MOLE DOÑA MARIA VASO,1 / 235 GR,46.71,46.71,https://i.postimg.cc/QdCSC4Gg/MO0323.jpg,DISPONIBLE
XL0134,PZA. MERM CLEMENTE J.FRESA 270GR,1 / 270 GR,27.47,27.47,https://i.postimg.cc/d3VGPwJ4/XL0134.jpg,DISPONIBLE
XM5983,PZA. M.C. ENS 110GR,1 / 110 GR,14.43,14.43,https://i.postimg.cc/FKjSH3Rg/MY0383.jpg,DISPONIBLE
XM5984,PZA. M.C. LIMON 105GR,1 / 105 GR,18.56,18.56,https://i.postimg.cc/RF4H6hJr/MY0384.jpg,DISPONIBLE
XM6314,PZA. M.C. LIMON 390GR,1 / 390 GR,51.19,51.19,https://i.postimg.cc/HnKn2knk/MY0714.jpg,DISPONIBLE
XM6317,PZA. M.C. LIMON 190GR,1 / 190 GR,29.14,29.14,https://i.postimg.cc/BZwjsMpf/MY0717.jpg,DISPONIBLE
XM6324,PZA. M.C. ENS 252GR,1 / 252 GR,22.6,22.6,https://i.postimg.cc/0NZfCDWr/MY0724.jpg,DISPONIBLE
XM6351,PZA. M.C. ENS 420GR,1 / 420 GR,42.61,42.61,https://i.postimg.cc/hPkhQvNC/MY0751.jpg,DISPONIBLE
XM6355,PZA. M.C. ENS 210GR,1 / 210 GR,23.46,23.46,https://i.postimg.cc/L8zBvWVX/MY0755.jpg,DISPONIBLE
XM6356,PZA. M.C. ENS 3.8KG,1 / 3.8 KG,228.75,228.75,https://i.postimg.cc/P51JWhjd/MY0756.jpg,DISPONIBLE
XM5919,PZA. MCC LIMON 725GR,1 / 725 GR,79.91,79.91,https://i.postimg.cc/DZP1BL3y/MY0318.jpg,DISPONIBLE
XN3669,PZA. ACEITE MENNEN 50 MLS.,1 / 50 ML,33.77,33.77,https://i.postimg.cc/nhfcc5Qg/PB0169.jpg,DISPONIBLE
XN3922,PZA. MENEN TALCO BABY MAGIC R 100GR,1 / 100 GR,54.37,54.37,https://i.postimg.cc/HkbHNv2S/XN3922.jpg,DISPONIBLE
XO0734,PZA. QUERUBIN GEL PEQUEÑO 40 UNI.,1 / 40 UNI,121.82,121.82,https://i.postimg.cc/7hjN1BrY/XO0734.jpg,DISPONIBLE
XO0738,PZA. QUERUBIN GEL GRANDE 40 UNI.,1 / 40 UNI,144.6,144.6,https://i.postimg.cc/fyVK0GFr/XO0738.jpg,DISPONIBLE
XO0739,PZA. QUERUBIN GEL MEDIANO 40 UNI.,1 / 40 UNI,137.82,137.82,https://i.postimg.cc/26cGyk0s/XO0739.jpg,DISPONIBLE
XO0741,PZA. QUERUBIN GEL EXTRA GRANDE 40 UNI.,1 / 40 UNI,156.42,156.42,https://i.postimg.cc/jjhZVQPX/XO0741.jpg,DISPONIBLE
XO1408,PZA. HUGGIES PULL UPS EX GDE NIÑO,1 / 15 UNI,109.89,109.89,https://i.postimg.cc/4yGNMkBP/XO1408.jpg,DISPONIBLE
XO0829,PZA. KBB ABSORSEC JUMBO 40 UNI.,1 / 40 UNI,156.54,156.54,https://i.postimg.cc/FKZjx04F/PD1140.jpg,DISPONIBLE
XO1267,PZA. KBB SUAVELASTIC CHICO 40 UNI.,1 / 40 UNI,155.06,155.06,https://i.postimg.cc/J4fc71x8/PD1137.jpg,DISPONIBLE
XO1270,PZA. KBB SUAVELASTIC JUMBO,1 / 40 UNI,274.51,274.51,https://i.postimg.cc/Y21mN1f5/PD1584.jpg,DISPONIBLE
XO1725,PZA. KIDDIES ANTIFUGAS T2 12 UNI.,1 / 12 UNI,34.69,34.69,https://i.postimg.cc/WbLJ7W7N/XO1725.jpg,DISPONIBLE
XP7158,PZA. SUAVEL 4UNI,1 / 4 UNI,16.68,16.68,https://i.postimg.cc/JhSF4k17/XP7158.jpg,DISPONIBLE
XQ4654,PZA. PILA NANFU ALCALINA AA BLISTER 30UNI,30 / 2 UNI,759.71,25.32,https://i.postimg.cc/2ypNz2ck/XQ4654.jpg,OFERTA
XQ4656,PZA. PILA NANFU ALCALINA AAA BLISTER 30UNI,30 / 2 UNI,759.71,25.32,https://i.postimg.cc/25Kftzn6/XQ4656.jpg,OFERTA
XQ4590,PZA. PILA ENERGIZER TIRA ALC  AA 6 UNI.,6 / UNI,88.73,14.79,https://i.postimg.cc/LsTS9qGB/XQ4590.jpg,DISPONIBLE
XQ4595,PZA.PILA ENERGIZER TIRA ALC AAA 6 UNI.,6 / UNI,88.73,14.79,https://i.postimg.cc/1t7ZFkmG/XQ4595.jpg,DISPONIBLE
XT0103,PZA. CREMA CACAHUATE ALADINO 340GR,1 / 340 GR,64.1,64.1,https://i.postimg.cc/NGpT25XM/PS0103.jpg,DISPONIBLE
XT3648,PZA. DEL FUERTE  PURE 345GR,1 / 345 GR,13.25,13.25,https://i.postimg.cc/ZnMC7vPx/PT0148.jpg,DISPONIBLE
XT3640,PZA. DEL FUERTE P.TOMATE 1KG,1 / 1 KG,34.13,34.13,https://i.postimg.cc/FzRYVVSK/PT0140.jpg,DISPONIBLE
XT3634,PZA. FUERTE BRIK 210GR,1 / 210 GR,8.23,8.23,https://i.postimg.cc/L53hdTGg/XT3634.jpg,DISPONIBLE
XV4741,PZA. ZUKO HORCHATA 13 GR ,8 / UNI,64.33,8.04,https://i.postimg.cc/yx0nyjhZ/RI1741.jpg,DISPONIBLE
XV4934,PZA. ZUKO FRESA 8 GR ,8 / UNI,50.26,6.28,https://i.postimg.cc/T2rf7p8X/XV4934.jpg,DISPONIBLE
XV4936,PZA. ZUKO JAMAICA 8 GR ,8 / UNI,50.26,6.28,https://i.postimg.cc/YqRk7Zqb/XV4936.jpg,DISPONIBLE
XV4935,PZA. ZUKO LIMON 8 GR ,8 / UNI,50.26,6.28,https://i.postimg.cc/MKqxhqxf/XV4935.jpg,DISPONIBLE
XV4937,PZA. ZUKO UVA 8 GR ,8 / UNI,50.26,6.28,https://i.postimg.cc/fRbsRCV0/XV4937.jpg,DISPONIBLE
XW9943,PZA. PAL. ACTII EXTRA MANTEQUILLA,14 / 80 GR,171.65,12.26,https://i.postimg.cc/vZKcmrYn/BP0243.jpg,DISPONIBLE
XW9944,PZA. PAL. ACTII MANTEQUILLA,14 / 80 GR,171.65,12.26,https://i.postimg.cc/xdbqNX84/BP0244.jpg,DISPONIBLE
XW9945,PZA. PAL. ACTII NATURAL,14 / 80 GR,171.65,12.26,https://i.postimg.cc/tTQJ39VC/BP0245.jpg,DISPONIBLE
XW9952,PZA. PAL. ACT II QUESO JALAPEÑO,15 / 89 GR,239.55,15.97,https://i.postimg.cc/J0KhCJYG/BP0252.jpg,DISPONIBLE
XW9956,PZA. PALOMITAS ACTII INFERNO,15 / 88 GR,239.55,15.97,https://i.postimg.cc/prv3w3kr/XW9956.jpg,DISPONIBLE
XY7109,PZA. SARDINA MARINERO 425GR,1 / 425 GR,31.63,31.63,https://i.postimg.cc/yx4RhbKy/SD0151.jpg,DISPONIBLE
YA7493,PZA. CAPRICE BIOTINA 200 MLS.,1 / 200 ML,16.1,16.1,https://i.postimg.cc/L8L8L8Xw/SH3393.jpg,DISPONIBLE
YA7494,PZA. CAPRICE CONTROL CAIDA 200 MLS.,1 / 200 ML,16.1,16.1,https://i.postimg.cc/R0mVRxJF/SH3394.jpg,DISPONIBLE
YA7495,PZA. CAPRICE ACTI-CERAMIDAS 200 MLS.,1 / 200 ML,16.58,16.58,https://i.postimg.cc/c4VJvnsf/SH3392.jpg,DISPONIBLE
YA4862,PZA. PALMOLIVE OPTIMS SACHET,24 / UNI,71.41,2.98,https://i.postimg.cc/TPjvYyw2/SH0762.jpg,DISPONIBLE
YA6203,PZA. H&S SH LIMPIEZA RENOVADORA SOB ,24 / 10 ML,55.95,2.33,https://i.postimg.cc/pTN60xgP/SH2103.jpg,DISPONIBLE
YA8282,PZA. SAVILE ACEITE ARGAN Y SABILA 700ML,1 / 700 ML,49.53,49.53,https://i.postimg.cc/BQLJfPmQ/YA8282.jpg,DISPONIBLE
YC7221,PZA. SUAVITEL AROMA DE SOL 450 MLS.,1 / 450 ML,18.38,18.38,https://i.postimg.cc/pXLMZXdy/SR0417.jpg,DISPONIBLE
YC7222,PZA. SUAVITEL PRIMAVERAL 450 MLS.,1 / 450 ML,18.38,18.38,https://i.postimg.cc/52Hch7LV/SR0420.jpg,DISPONIBLE
YC7958,PZA. SUAVITEL COMPLETE ACQUA 700ML,1 / 700 ML,27.5,27.5,https://i.postimg.cc/rm149jCb/SR0958.jpg,DISPONIBLE
YC7503,PZA. VEL ROSITA 1LT,1 / 1 LT,85.65,85.65,https://i.postimg.cc/ydnBbD0h/YC7503.jpg,DISPONIBLE
YD1508,PZA. DEL MONTE TAQUERA SS 210 MLS.,1 / 210 GR,12.53,12.53,https://i.postimg.cc/d3KHxnvJ/SS1508.jpg,DISPONIBLE
YD1509,PZA. DEL MONTE VERDE 210 MLS.,1 / 210 GR,12.53,12.53,https://i.postimg.cc/fyj2nXTm/SS1509.jpg,DISPONIBLE
YD1542,PZA. DEL MONTE SQ 220 GRS.,1 / 220 GR,12.36,12.36,https://i.postimg.cc/7Ywt1BmV/SS1542.jpg,DISPONIBLE
YD0701,PZA. BUFALO CLASICA 150ML,1 / 150 ML,15.53,15.53,https://i.postimg.cc/RF3xBgjf/SS0701.jpg,DISPONIBLE
YD3803,PZA. EMBASA S. CATSUP 1LT,1 / 1 KG,27.9,27.9,https://i.postimg.cc/PJ44Fj2M/SS3803.jpg,DISPONIBLE
YD1603,PZA. HERDEZ S. VERDE 210ML,1 / 210 GR,11.03,11.03,https://i.postimg.cc/vZSPsGMq/SS1603.jpg,DISPONIBLE
YD0826,PZA. HERDEZ TATEMADA ROJA 240 GRS.,1 / 240 GR,24.43,24.43,https://i.postimg.cc/FK6k8vw2/YD0826.jpg,DISPONIBLE
YD0593,PZA. SOYA JUGO MAGGI SAZONADOR,1 / 45 ML,17.77,17.77,https://i.postimg.cc/Rhknsbjv/YD0593.jpg,DISPONIBLE
YD0147,PZA. C.JACQUES SQ.220 MLS.,1 / 220 ML,12.98,12.98,https://i.postimg.cc/509WRxmP/SS0147.jpg,DISPONIBLE
YE7139,PZA. KOLA LOKA 2GR,10 / UNI,224.21,22.42,https://i.postimg.cc/qv88m0q6/UE0139.jpg,DISPONIBLE
YG0405,PZA. DEL MONTE CHICHAROS,1 / 410 GR,15.96,15.96,https://i.postimg.cc/P5k3ydh0/VC0405.jpg,DISPONIBLE
YG0406,PZA. DEL MONTE CHICHAROS 200 GRS.,1 / 200 GR,10.48,10.48,https://i.postimg.cc/0ydtHhyj/VC0406.jpg,DISPONIBLE
YG0902,PZA. DEL MONTE ELOTE 225 GRS.,1 / 225 GR,10.95,10.95,https://i.postimg.cc/CLbJz9D7/VC0902.jpg,DISPONIBLE
YG0903,PZA. DEL MONTE ELOTE 400 GRS.,1 / 400 GR,19.03,19.03,https://i.postimg.cc/pLxC8kJH/VC0903.jpg,DISPONIBLE
YG1201,PZA. DEL MONTE ENSALADA DE VERDURAS 215 GRS.,1 / 215 GR,11.73,11.73,https://i.postimg.cc/C5kCnfZ5/VC1201.jpg,DISPONIBLE
YG1202,PZA. DEL MONTE ENSALADA DE VERDURAS 400 GRS.,1 / 400 GR,17.21,17.21,https://i.postimg.cc/CxFCd5wM/VC1202.jpg,DISPONIBLE
YG0108,PZA. HERDEZ CHAMPIÑONES REB 186GR,1 / 186 GR,21,21,https://i.postimg.cc/ydr9J8Qt/VC0108.jpg,DISPONIBLE
YG0433,PZA. HERDEZ CHICHARO FINO 400GR,1 / 400 GR,16.75,16.75,https://i.postimg.cc/26JTZD2c/VC0433.jpg,DISPONIBLE
YG0917,PZA. HERDEZ GRANOS DE ELOTE 200GR,1 / 200 GR,12.68,12.68,https://i.postimg.cc/VNkFZ6hZ/VC0917.jpg,DISPONIBLE
YG0366,PZA. HERDEZ ENSAL VEGETALES 220 GRS.,1 / 220 GR,12.54,12.54,https://i.postimg.cc/kghG14s0/YG0366.jpg,DISPONIBLE
YG0428,PZA.HERDEZ CHICHARO 200GR,1 / 200 GR,10.52,10.52,https://i.postimg.cc/PqSSdZZk/VC0428.jpg,DISPONIBLE
YG9948,PZA. JLM REP 21 LA VIRGEN DE GPE,1 / 1 UNI,14.71,14.71,https://i.postimg.cc/3JrWvv0q/VD1248.jpg,DISPONIBLE
YH3102,PZA. VEL. REPUESTO 10PZ,10 / UNI,80.32,8.03,https://i.postimg.cc/NjPLN22M/VD3802.png,DISPONIBLE
YH3101,PZA. VEL JLMUNDO IMAGEN JESUS 1UNI,1 / 1 UNI,14.71,14.71,https://i.postimg.cc/8P476015/VD3801.png,DISPONIBLE
YH8142,PZA.VELA JESUS CAJA No.10,14 / UNI,65.89,4.71,https://i.postimg.cc/4d8q2qwV/VE0142.jpg,DISPONIBLE
,,,,,,DISPONIBLE
